_id,title,price,rating,replyCount,origin
ObjectId("5b8108b734957165033a1219"),[앱솔루트명작] 매일분유 앱솔루트명작 800 1 2 3 4 단계 3캔 2중포장,50900,4.5,9,대한민국
ObjectId("5b8108b734957165033a121a"),임페리얼XO 800g 1~5단계 3캔 /분유 안전이중포장,55500,5,286,대한민국
ObjectId("5b8108b734957165033a121b"),[매일유업] 매일 앱솔루트명작 분유 3단계 800g 3캔,50900,4.5,90,대한민국
ObjectId("5b8108b734957165033a121c"),남양 임페리얼드림XO 3단계 800g 2캔 goantm870,53170,5,0,대한민국
ObjectId("5b8108b734957165033a121d"),[매일유업] 매일유업 앱솔루트 명작 1단계 800g 3캔,59900,4.5,34,대한민국
ObjectId("5b8108b734957165033a121e"),[매일유업] 매일유업 앱솔루트 명작 2단계 800g 3캔,59900,4.5,14,대한민국
ObjectId("5b8108b734957165033a121f"),[매일유업] 매일 앱솔루트명작 분유 4단계 800g 3캔,50900,4.5,88,대한민국
ObjectId("5b8108b734957165033a1220"),[앱솔루트궁] 매일분유 앱솔루트궁 800g 1 2 3 4 단계 3캔 이중포장,73900,4.5,19,대한민국
ObjectId("5b8108b734957165033a1221"),임페리얼 드림 XO 3단계 4단계 3캔 (추가금 없음),55300,4.5,5,대한민국
ObjectId("5b8108b734957165033a1222"),남양 임페리얼XO 분유 1~5단계 3캔,51500,4.5,13,대한민국
ObjectId("5b8108b734957165033a1223"),남양 아기사랑 수 분유 1~4단계3캔+사은품,36000,4.5,189,대한민국
ObjectId("5b8108b734957165033a1224"),남양 아이엠마더 2.3.4단계 800g x3캔 에어캡안전포장,78500,4.5,125,대한민국
ObjectId("5b8108b734957165033a1225"),3+1행사 파스퇴르 위드맘 2단계 4캔/분유/공식대리점,54900,5,194,대한민국
ObjectId("5b8108b734957165033a1226"),[남양] 남양 임페리얼XO 임페리얼 XO 3단계 4단계 800g 3캔,55400,4.5,929,대한민국
ObjectId("5b8108b734957165033a1227"),독일 압타밀 프로푸트라 프로누트라/킨더밀쉬/액상/HA,102800,4.5,192,독일
ObjectId("5b8108b734957165033a1228"),남양분유 임페리얼xo 3단계 800g 2캔 clfod,53160,5,0,대한민국
ObjectId("5b8108b734957165033a1229"),남양 임페리얼 XO 1~5단계 3캔 스틱.분유/사은품 증정,55500,4.5,5101,대한민국
ObjectId("5b8108b734957165033a122a"),남양 임페리얼XO 월드클래스 3단계 800g 2캔 엔티브이,53160,5,0,대한민국
ObjectId("5b8108b734957165033a122b"),[압타밀] 압타밀 프로푸트라 세이프박스 프레 800g 6통,130600,5,0,독일
ObjectId("5b8108b734957165033a122c"),[아이배냇] 아이배냇 순산양분유 2단계 800g,30900,4,0,프랑스
ObjectId("5b8108b734957165033a122d"),[친절한기분] 남양 임페리얼 XO (3캔) 1/2/3/4/5(800gx3캔),55300,4.5,289,대한민국
ObjectId("5b8108b734957165033a122e"),[위드맘] 파스퇴르 뉴 위드맘 분유 1단계 2단계 3단계 750gx3캔,49900,4.5,30,대한민국
ObjectId("5b8108b734957165033a122f"),[일동후디스] 일동산양분유800g(3캔) 1~4단계 당일발송함(추가금NO),121000,4.5,781,뉴질랜드
ObjectId("5b8108b734957165033a1230"),매일유업 앱솔루트 명작 1/2/3/4단계 800g,50900,4.5,80,대한민국
ObjectId("5b8108b734957165033a1231"),뉴질랜드 프리미엄분유 뉴 퓨어락 800g 3캔,95900,4.5,15,뉴질랜드
ObjectId("5b8108b734957165033a1232"),[매일유업] 앱솔루트 궁3단계 3캔/앱솔루트궁/유기농궁,72000,4.5,21,대한민국
ObjectId("5b8108b734957165033a1233"),앱솔루트 유기농 궁 1/2/3/4단(800g x 3캔),68800,5,18,대한민국
ObjectId("5b8108b734957165033a1234"),[매일유업] 뉴 앱솔루트 궁3단계 3캔/앱솔루트궁/유기농궁,74000,4.5,122,대한민국
ObjectId("5b8108b734957165033a1235"),[일동후디스] 트루맘 프리미엄 3캔/1단계2단계3단계4단계/최신상품,66000,5,39,대한민국
ObjectId("5b8108b734957165033a1236"),남양 임페리얼XO Royal Class 1단계 2단계 800g x 3캔,66400,5,142,대한민국
ObjectId("5b8108b734957165033a1237"),[남양] 아이엠마더1/2 /3 /4단계/당일발송(뽁뽁이 이중포장),75900,5,121,대한민국
ObjectId("5b8108b734957165033a1238"),[일동후디스] 일동산양분유1-3 월-토 오후6시당일발송,39700,5,3,뉴질랜드
ObjectId("5b8108b734957165033a1239"),[매일유업] 앱솔루트 센서티브 1/2/3/4단계 900g 3캔 6캔구성,102000,4.5,718,대한민국
ObjectId("5b8108b734957165033a123a"),[앱솔루트궁] 앱솔루트 유기농궁 전단계 800g 3캔/분유,76200,4.5,14,대한민국
ObjectId("5b8108b734957165033a123b"),남양 임페리얼XO 분유 1~5단계 3캔,55500,5,94,대한민국
ObjectId("5b8108b734957165033a123c"),[일동후디스] 일동후디스 프리미엄 산양분유 1234단계(800gX3캔),117900,4.5,59,뉴질랜드
ObjectId("5b8108b734957165033a123d"),[일동후디스] 일동후디스 프리미엄 산양분유 1 2 3 단계(800g 1캔),39800,5,72,뉴질랜드
ObjectId("5b8108b734957165033a123e"),[아이엠마더] 아이엠마더 엄마로 태어나다 2단계 800g 3캔,85400,5,2,대한민국
ObjectId("5b8108b734957165033a123f"),[노발락] 노발락 2단계 800g 공식판매정품 당일발송 novalac,28000,4.5,13,프랑스
ObjectId("5b8108b734957165033a1240"),[일동후디스] 하이키드 프리미엄 밀크 초코 산양골드 x 3캔,59500,5,243,대한민국
ObjectId("5b8108b734957165033a1241"),[앱솔루트명작] 매일 앱솔루트명작 분유 전단계 800g 3캔/이유식,53900,4.5,647,대한민국
ObjectId("5b8108b734957165033a1242"),남양분유 임페리얼드림XO 3단계 800G x2캔 큐에스지,53160,5,0,대한민국
ObjectId("5b8108b734957165033a1243"),남양 아기사랑 수 어드밴스 1/2/3/4단계 3캔,36000,4.5,121,대한민국
ObjectId("5b8108b734957165033a1244"),[매일유업] 뉴 앱솔루트 궁2단계 3캔/앱솔루트궁/유기농궁,80900,4.5,31,대한민국
ObjectId("5b8108b734957165033a1245"),일동후디스 산양분유 800g X 1캔 + 사은품 증정,43900,4.5,4,뉴질랜드
ObjectId("5b8108b734957165033a1246"),[일동후디스] 일동후디스 프리미엄 산양분유 1단계 800g x3캔,128000,5,0,뉴질랜드
ObjectId("5b8108b734957165033a1247"),(빠른직구) 압타밀 프로누트라 프레 6통 외,119500,4.5,3,독일
ObjectId("5b8108b734957165033a1248"),남양 아이엠마더 분유 1~4 단계 3캔+사은품,82200,4.5,869,대한민국
ObjectId("5b8108b734957165033a1249"),매일 앱솔루트 명작 3단계 4단계 800g x 3캔,51900,5,363,대한민국
ObjectId("5b8108b734957165033a124a"),[일동후디스] 트루맘 액상분유 1/2/3단계 24입 니플4개 특가할인,29900,4.5,22,대한민국
ObjectId("5b8108b734957165033a124b"),아이엠마더1~2단계3캔/3.4단마이너스옵션/오후5시마감,86000,5,5,대한민국
ObjectId("5b8108b734957165033a124c"),[남양] 남양 아기사랑 수 1~4단계 3캔 분유 / 사은품 증정,36000,4.5,150,대한민국
ObjectId("5b8108b734957165033a124d"),에프엑스지 임페리얼드림 XO 3단계 2캔,53100,5,0,대한민국
ObjectId("5b8108b734957165033a124e"),[남양] 아이엠마더 3단계 800g 3캔,82200,5,0,대한민국
ObjectId("5b8108b734957165033a124f"),[일동후디스] 일동 산양분유 2단계800gx3캔/최신(유통기한21년01월),121900,5,0,뉴질랜드
ObjectId("5b8108b734957165033a1250"),[베비언스] 액상분유 240ml x 30입 2/3단계,44900,5,142,대한민국
ObjectId("5b8108b734957165033a1251"),남양 임페리얼드림 오가닉 분유 1~4단계 3캔,78000,5,5,대한민국
ObjectId("5b8108b734957165033a1252"),[매일유업] 매일유업 뉴 앱솔루트궁 4단계 3캔/유기농궁,69900,4.5,17,대한민국
ObjectId("5b8108b734957165033a1253"),일동후디스 프리미엄 산양분유 1234단계(800gX1캔),40300,4.5,18,뉴질랜드
ObjectId("5b8108b734957165033a1254"),[파스퇴르] 파스퇴르 무항생제 그랑노블 컴포트750g 1+1캔 1~3단계,15900,5,1,대한민국
ObjectId("5b8108b734957165033a1255"),[매일유업] 리뉴얼 분유 앱솔루트 명작 1단계 2단계 800g 1캔,21100,4.5,17,대한민국
ObjectId("5b8108b734957165033a1256"),{holle} 홀레 전단계 8통/12통 모음전,69900,5,6,오스트리아
ObjectId("5b8108b734957165033a1257"),남양유업 아기사랑수 어드밴스 1단계 750g 1캔,12000,4.5,56,대한민국
ObjectId("5b8108b734957165033a1258"),아이엠마더 액상분유 1~3단계 24입 / 공식대리점,27800,4.5,37,대한민국
ObjectId("5b8108b734957165033a1259"),[남양] 아이엠마더 4단계 800g 3캔,82200,5,2,대한민국
ObjectId("5b8108b734957165033a125a"),[노발락] 노발락 1단계 2단계 AC AR IT 특별구성6.당일발송,29440,5,50,프랑스
ObjectId("5b8108b734957165033a125b"),[베비언스] 액상분유 180/240ml 24/20입 0~24개월,29900,4.5,544,대한민국
ObjectId("5b8108b734957165033a125c"),임페리얼XO 1/2/3/4단계/당일발송(뽁뽁이 이중포장),55500,4.5,281,대한민국
ObjectId("5b8108b734957165033a125d"),남양 아이엠마더 1단계 2단계 3단계 4단계 800gx3캔,81400,5,13,대한민국
ObjectId("5b8108b734957165033a125e"),[매일유업] 뉴 앱솔루트 궁1단계 3캔/앱솔루트궁/유기농궁,79400,5,2,대한민국
ObjectId("5b8108b734957165033a125f"),[아이배냇] 아이배냇 순산양분유 1단계 800g,30900,5,1,프랑스
ObjectId("5b8108b734957165033a1260"),[아이배냇] 아이배냇 순산양분유1/2/3/4단계 800g 3캔 산양유아식,88000,5,32,프랑스
ObjectId("5b8108b734957165033a1261"),독일 내수용 홀레분유 프레/1단계/2단계/3단계/4단계,5900,5,4,오스트리아
ObjectId("5b8108b734957165033a1262"),케오 남양 임페리얼 드림 XO 3단계 5캔,106300,5,0,대한민국
ObjectId("5b8108b734957165033a1263"),케오 남양 임페리얼드림 xo 3단계 1캔,26500,5,0,대한민국
ObjectId("5b8108b734957165033a1264"),[매일유업] 2013 앱솔루트 유기농 궁 1단계 800g 1캔,26700,4.5,25,대한민국
ObjectId("5b8108b734957165033a1265"),[파스퇴르] 파스퇴르 1급A멸균/바른목장우유190ml(24팩)/바나나,12900,4.5,11,대한민국
ObjectId("5b8108b734957165033a1266"),[위드맘] 파스퇴르 위드맘 분유 3단계 뉴 프리미엄 750g x 3캔,57900,5,0,대한민국
ObjectId("5b8108b734957165033a1267"),남양 아이엠마더 액상분유 1/2/3단계 24개입/공식판매,27800,5,5,대한민국
ObjectId("5b8108b734957165033a1268"),[임페리얼드림XO] 임페리얼XO 1단계/2단계/3단계/4단계 800g 1캔,17900,4.5,180,대한민국
ObjectId("5b8108b734957165033a1269"),[힙] 힙분유 HIPP 바이오 콤비오틱 비오 프레 1 2 3 단계 8,89800,5,3,독일
ObjectId("5b8108b734957165033a126a"),[아이엠마더] 남양 아이엠마더 3단계 모성이 빛나는순간 800g x 3캔,81400,5,4,대한민국
ObjectId("5b8108b734957165033a126b"),일루마 골든드롭 1~3단계 분유/유아식 900g 1통,54360,5,9,아일랜드
ObjectId("5b8108b734957165033a126c"),[힙] 힙분유 HIPP 바이오 콤비오틱 비오 프레 1 2 3 단계,15600,5,1,독일
ObjectId("5b8108b734957165033a126d"),[앱솔루트궁] 매일 앱솔루트 유기농궁 1단계 800g 3캔,80100,4.5,6,대한민국
ObjectId("5b8108b734957165033a126e"),독일 압타밀 분유 프로푸트라 전단계 6통/당일출고,130600,3.5,0,독일
ObjectId("5b8108b734957165033a126f"),[일동후디스] 일동 초유밀/ 비오타민/ 헤모틴틴 정품1캔(당일발송),11400,5,270,뉴질랜드
ObjectId("5b8108b734957165033a1270"),매일유업 앱솔루트궁 1/2/3/4단계 800g,69900,5,53,대한민국
ObjectId("5b8108b734957165033a1271"),[매일유업] 앱솔루트센서티브 1/2/3단계 900g 1캔,35000,5,31,대한민국
ObjectId("5b8108b734957165033a1272"),[일동후디스] 일동후디스 산양분유 1~4단계 800g X 3캔/사은품 증정,131700,4.5,6,뉴질랜드
ObjectId("5b8108b734957165033a1273"),매일유업 앱솔루트 명작 1 2 3 4단계 800g,9900,5,62,대한민국
ObjectId("5b8108b734957165033a1274"),하이키드 프리미엄 밀크 초코 산양골드 x 1캔,19000,4.5,42,대한민국
ObjectId("5b8108b734957165033a1275"),[남양] 남양 아기사랑 수 어드밴스 1~4단계 750g x 3캔,36000,4.5,4077,대한민국
ObjectId("5b8108b734957165033a1276"),앱솔루트 엄마가 만든 프리미엄 명작 분유 3단계,48220,4.5,19878,대한민국
ObjectId("5b8108b734957165033a1277"),앱솔루트 프리미엄 명작 분유 1단계,59230,4.5,12435,대한민국
ObjectId("5b8108b734957165033a1278"),앱솔루트 프리미엄 명작 분유 2단계,60000,4.5,11003,대한민국
ObjectId("5b8108b734957165033a1279"),앱솔루트 엄마가 만든 프리미엄 명작 분유 4단계,49400,4.5,7935,대한민국
ObjectId("5b8108b734957165033a127a"),남양유업 임페리얼드림 XO 분유 3단계,53400,4.5,7771,대한민국
ObjectId("5b8108b734957165033a127b"),앱솔루트 엄마가 만든 프리미엄 명작 액상분유 2단계 240ml,27050,4.5,991,대한민국
ObjectId("5b8108b734957165033a127c"),앱솔루트 엄마가 만든 프리미엄 명작 액상분유 3단계 240ml + 니플 세트,10000,4.5,276,대한민국
ObjectId("5b8108b734957165033a127d"),임페리얼XO 드림 World Class 분유 4단계,53400,4.5,3912,대한민국
ObjectId("5b8108b734957165033a127e"),앱솔루트 유기농 궁 분유 3단계,69900,4.5,3519,대한민국
ObjectId("5b8108b734957165033a127f"),베비언스 퍼스트밀 액상분유 3단계 240ml,32590,4.5,5770,대한민국
ObjectId("5b8108b734957165033a1280"),남양유업 임페리얼 XO 로얄 클래스 분유 2단계,64500,4.5,4771,대한민국
ObjectId("5b8108b734957165033a1281"),파스퇴르 프리미엄 뉴위드맘 분유 1단계,59400,4.5,1595,대한민국
ObjectId("5b8108b734957165033a1282"),앱솔루트 엄마가 만든 프리미엄 명작 스틱형 분유 4단계,6210,4.5,973,대한민국
ObjectId("5b8108b734957165033a1283"),임페리얼XO 로얄 클래스 분유 1단계,62370,4.5,6085,대한민국
ObjectId("5b8108b734957165033a1284"),일동후디스 프리미엄 산양분유 1단계,123900,4.5,5401,뉴질랜드
ObjectId("5b8108b734957165033a1285"),앱솔루트 자연의 선물 유기농 궁 분유 1단계,80400,4.5,4144,대한민국
ObjectId("5b8108b734957165033a1286"),앱솔루트 자연의 선물 유기농 궁 분유 2단계 800g,26700,4.5,1635,대한민국
ObjectId("5b8108b734957165033a1287"),앱솔루트 센서티브 분유 1단계,34310,4.5,3226,대한민국
ObjectId("5b8108b734957165033a1288"),위드맘 무항생제 분유 1단계,27000,4.5,3324,대한민국
ObjectId("5b8108b734957165033a1289"),일동후디스 초유밀플러스 스틱분유 1단계,13890,4.5,2011,대한민국
ObjectId("5b8108b734957165033a128a"),파스퇴르 위드맘 그로우업 액상 2,35900,4.5,267,대한민국
ObjectId("5b8108b734957165033a128b"),위드맘 무항생제인증 분유 2단계,79750,4.5,1880,대한민국
ObjectId("5b8108b734957165033a128c"),베비언스 액상분유 2단계 240ml,32590,4.5,1619,대한민국
ObjectId("5b8108b734957165033a128d"),일동후디스 트루맘 프리미엄 액상분유 3단계 240ml,22600,4.5,1628,대한민국
ObjectId("5b8108b734957165033a128e"),앱솔루트 프리미엄 명작 스틱분유 1단계,8550,4.5,736,대한민국
ObjectId("5b8108b734957165033a128f"),아이배냇 순 산양 유아식 3단계,82720,4.5,700,프랑스
ObjectId("5b8108b734957165033a1290"),앱솔루트 엄마가 만든 프리미엄 분유 4단계,27740,4.5,671,대한민국
ObjectId("5b8108b734957165033a1291"),노발락 분유 1단계,29000,4.5,1304,프랑스
ObjectId("5b8108b734957165033a1292"),트루맘 프리미엄 액상분유 3단계 240ml,11300,4.5,317,대한민국
ObjectId("5b8108b734957165033a1293"),베비언스 액상분유 2단계 240ml + 니플 L,9900,4.5,907,대한민국
ObjectId("5b8108b734957165033a1294"),앱솔루트 유기농 궁 분유 4단계,69900,4.5,1330,대한민국
ObjectId("5b8108b734957165033a1295"),일동후디스 프리미엄 산양분유 2단계,119900,4.5,4907,뉴질랜드
ObjectId("5b8108b734957165033a1296"),앱솔루트 프리미엄 명작 분유 2단계 400g,11740,4.5,609,대한민국
ObjectId("5b8108b734957165033a1297"),베비언스 액상분유 1단계 180ml,21930,4.5,666,대한민국
ObjectId("5b8108b734957165033a1298"),임페리얼드림XO 애프터 포뮬러 분유 5단계,16800,4.5,384,대한민국
ObjectId("5b8108b734957165033a1299"),파스퇴르 올곧게 만든 위드맘 100일 분유 1단계,29000,4.5,367,대한민국
ObjectId("5b8108b734957165033a129a"),파스퇴르 위드맘 스타트 액상 1,24340,4.5,222,대한민국
ObjectId("5b8108b734957165033a129b"),임페리얼XO 로얄 클래스 분유 1단계,11330,4.5,430,대한민국
ObjectId("5b8108b734957165033a129c"),앱솔루트 자연의 선물 유기농 궁 분유 2단계,80400,4.5,1431,대한민국
ObjectId("5b8108b734957165033a129d"),파스퇴르 프리미엄 뉴위드맘 분유 2단계,57950,4.5,1232,대한민국
ObjectId("5b8108b734957165033a129e"),앱솔루트 프리미엄 명작 스틱분유 2단계,8300,4.5,882,대한민국
ObjectId("5b8108b734957165033a129f"),트루맘 프리미엄 후레쉬 분유 3단계,60000,4,754,호주
ObjectId("5b8108b734957165033a12a0"),앱솔루트 오리지널 본 분유 1단계,36000,4.5,1420,대한민국
ObjectId("5b8108b734957165033a12a1"),베비언스 액상분유 1단계 0-6개월 180ml,6900,4.5,389,대한민국
ObjectId("5b8108b734957165033a12a2"),남양유업 아기사랑수 3단계 750g 3캔,36000,4.5,61,대한민국
ObjectId("5b8108b734957165033a12a3"),일동후디스 산양 하이키드 골드,26000,4.5,733,대한민국
ObjectId("5b8108b734957165033a12a4"),앱솔루트 시작부터 바르게 본 분유 3단계 750g,10220,4.5,667,대한민국
ObjectId("5b8108b734957165033a12a5"),베비언스 퍼스트밀 액상분유 3단계 240ml + 니플,8900,4.5,750,대한민국
ObjectId("5b8108b734957165033a12a6"),아이엠마더 액상분유 벨류팩 3단계 12~24개월,26100,4.5,467,대한민국
ObjectId("5b8108b734957165033a12a7"),위드맘 토들러 액상 분유 3단계 240ml,10500,5,99,대한민국
ObjectId("5b8108b734957165033a12a8"),트루맘 프리미엄 액상분유 1단계 180ml x 6p + 니플,8900,4.5,112,대한민국
ObjectId("5b8108b734957165033a12a9"),남양유업 아이엠마더 1단계 800g 3캔,86000,4.5,19,대한민국
ObjectId("5b8108b734957165033a12aa"),파스퇴르 프리미엄 뉴위드맘 분유 3단계,56700,4.5,567,대한민국
ObjectId("5b8108b734957165033a12ab"),퓨어락 뉴질랜드 청정 프리미엄 분유 1단계,35340,4.5,232,뉴질랜드
ObjectId("5b8108b734957165033a12ac"),앱솔루트 유기농 궁 분유 4단계 400g,15160,4.5,266,대한민국
ObjectId("5b8108b734957165033a12ad"),앱솔루트 시작부터 바르게 본 분유 2단계,11000,4.5,1345,대한민국
ObjectId("5b8108b734957165033a12ae"),남양유업 아이엠마더 2단계 800g 3캔,85000,4.5,20,대한민국
ObjectId("5b8108b734957165033a12af"),매일유업 앱솔루트 에이치에이 HA 400g,49550,4.5,1707,대한민국
ObjectId("5b8108b734957165033a12b0"),아이배냇 순 산양 분유 1단계,82720,4.5,907,프랑스
ObjectId("5b8108b734957165033a12b1"),남양유업 임페리얼XO 4단계3캔 분유,55800,4.5,112,대한민국
ObjectId("5b8108b734957165033a12b2"),아이배냇 순 산양 분유 2단계,82720,4.5,790,프랑스
ObjectId("5b8108b734957165033a12b3"),베비언스 퍼스트밀 액상분유 2단계 240ml + 니플,17900,4.5,1054,대한민국
ObjectId("5b8108b734957165033a12b4"),앱솔루트 현명한 엄마의 센서티브 분유 1단계,20450,4.5,798,대한민국
ObjectId("5b8108b734957165033a12b5"),아이배냇 순 산양 유아식 분유 4단계,82720,4.5,310,프랑스
ObjectId("5b8108b734957165033a12b6"),남양유업 임페리얼드림 XO 스틱분유 3단계,8280,4.5,1327,대한민국
ObjectId("5b8108b734957165033a12b7"),남양유업 임페리얼XO 3단계3캔 분유,55800,4.5,80,대한민국
ObjectId("5b8108b734957165033a12b8"),임페리얼XO 스틱분유 1단계,8300,4.5,1161,대한민국
ObjectId("5b8108b734957165033a12b9"),앱솔루트 현명한 엄마의 센서티브 스틱 분유 1단계,7360,4.5,630,대한민국
ObjectId("5b8108b734957165033a12ba"),파스퇴르 위드맘 무항생제 분유 3단계,26270,4.5,650,대한민국
ObjectId("5b8108b734957165033a12bb"),일동후디스 프리미엄 산양분유 3단계,41300,5,1805,뉴질랜드
ObjectId("5b8108b734957165033a12bc"),홀레 유기농 분유 2단계,65790,4.5,777,오스트리아
ObjectId("5b8108b734957165033a12bd"),파스퇴르 위드맘 스타트 액상분유 1단계 150ml,36510,4,94,대한민국
ObjectId("5b8108b734957165033a12be"),독일 압타밀 분유 1단계 800g x 6,89900,4.5,93,독일
ObjectId("5b8108b734957165033a12bf"),노발락 분유 2단계,29000,4.5,992,프랑스
ObjectId("5b8108b734957165033a12c0"),베비언스 액상분유 3단계 240ml,27160,4.5,194,대한민국
ObjectId("5b8108b734957165033a12c1"),베비언스 산양 액상분유 3단계 240ml,39310,4.5,422,대한민국
ObjectId("5b8108b734957165033a12c2"),트루맘 뉴클래스 퀸 S 스틱분유 3단계,7780,4.5,62,대한민국
ObjectId("5b8108b734957165033a12c3"),앱솔루트 센서티브 분유 2단계,35140,4.5,1339,대한민국
ObjectId("5b8108b734957165033a12c4"),남양유업 아기사랑수 1단계 750g 3캔,36000,5,19,대한민국
ObjectId("5b8108b734957165033a12c5"),앱솔루트 현명한 엄마의 센서티브 분유 4단계 900g,34460,4.5,404,대한민국
ObjectId("5b8108b734957165033a12c6"),파스퇴르 위드맘 그로우업 액상분유 2단계 240ml,55830,4,73,대한민국
ObjectId("5b8108b734957165033a12c7"),임페리얼XO 남양유업 임페리얼 XO 스틱분유 2단계,8300,4.5,1199,대한민국
ObjectId("5b8108b734957165033a12c8"),남양유업 임페리얼XO 800g 1단계 3캔 분유,67800,5,3,대한민국
ObjectId("5b8108b734957165033a12c9"),매일유업 앱솔루트 센서티브 2단계,7310,4.5,179,대한민국
ObjectId("5b8108b734957165033a12ca"),아이엠마더 분유 4단계,82200,4.5,3339,대한민국
ObjectId("5b8108b734957165033a12cb"),남양유업 임페리얼XO 액상1단계(0~6개월)6X4개 / 니플4개,27600,4.5,36,대한민국
ObjectId("5b8108b734957165033a12cc"),남양유업 아기사랑수 2단계 750g 3캔,36000,5,33,대한민국
ObjectId("5b8108b734957165033a12cd"),베비언스 액상분유 2단계 240ml,27160,4.5,94,대한민국
ObjectId("5b8108b734957165033a12ce"),베비언스 산양 액상분유 2단계 240ml,41950,4.5,445,대한민국
ObjectId("5b8108b734957165033a12cf"),일동후디스 트루맘 프리미엄 분유 1단계,63000,4,33,호주
ObjectId("5b8108b734957165033a12d0"),베비언스 산양 액상분유 1단계 0-6개월 180ml,34210,4.5,268,대한민국
ObjectId("5b8108b734957165033a12d1"),남양유업 아기사랑 수 어드밴스 분유 4단계,36000,4.5,3808,대한민국
ObjectId("5b8108b734957165033a12d2"),앱솔루트 현명한 엄마의 센서티브 스틱분유 3단계 스틱,7360,4.5,187,대한민국
ObjectId("5b8108b734957165033a12d3"),남양유업 아이엠마더 3단계 800g 3캔,81000,4.5,51,대한민국
ObjectId("5b8108b734957165033a12d4"),아이엠마더 분유 1단계,86000,4.5,4371,대한민국
ObjectId("5b8108b734957165033a12d5"),노발락 AR 분유 800g,36000,4.5,447,프랑스
ObjectId("5b8108b734957165033a12d6"),임페리얼드림 Organic 3 분유,89400,4.5,127,대한민국
ObjectId("5b8108b734957165033a12d7"),앱솔루트궁 유기농 스틱분유 3단계,18200,4.5,694,대한민국
ObjectId("5b8108b734957165033a12d8"),남양 임페리얼XO 1~4단계800g 3캔 안심포장,52200,4.6,21018,대한민국
ObjectId("5b8108b734957165033a12d9"),남양 아이엠마더 1~4단계 800g 3캔 (안심포장),77400,4.6,5816,대한민국
ObjectId("5b8108b734957165033a12da"),앱솔루트 유기농궁 1단계 2단계 3단계 4단계 800g 유기농분유 아기분유 추천 매일분유 신생아분유 조제분유,69700,4.5,28,대한민국
ObjectId("5b8108b734957165033a12db"),독일 압타밀 프로푸트라 누트라 킨더밀쉬 HA,38800,4.7,2971,독일
ObjectId("5b8108b734957165033a12dc"),[일동]프리미엄 산양분유 1~3단계 800g 3캔(안심포장),123900,4.6,634,뉴질랜드
ObjectId("5b8108b734957165033a12dd"),[남양] 아이엠마더 컴포트케어 1~4단계 2캔,45000,4.6,62,대한민국
ObjectId("5b8108b734957165033a12de"),[11%쿠폰] 베비언스 킨더밀쉬 200ml 24입,37900,4.6,1533,대한민국
ObjectId("5b8108b734957165033a12df"),매일분유 앱솔루트명작 800 1 2 3 4 단계 3캔 2중포장,50900,4,7,대한민국
ObjectId("5b8108b734957165033a12e0"),[11%쿠폰] 베비언스 액상분유 2/3단계 25입 1단계 24입,35900,4.7,35433,대한민국
ObjectId("5b8108b734957165033a12e1"),[남양] 아기사랑 수 1~4단계 750g 3캔 (안심포장),36000,4.6,3625,대한민국
ObjectId("5b8108b734957165033a12e2"),일동산양분유2단계 800g*3캔월-토요일오후6시까지 당일발송 혼합가능 뽁뽁이안전포장,121000,4.7,39,뉴질랜드
ObjectId("5b8108b734957165033a12e3"),[파스퇴르] 무항생제 위드맘 1~3단계 3캔 (안심포장),81000,4.6,4856,대한민국
ObjectId("5b8108b734957165033a12e4"),[파스퇴르] 프리미엄 위드맘 1~3단계 3캔(안심포장),57900,4.6,28296,대한민국
ObjectId("5b8108b734957165033a12e5"),남양 아이엠마더 액상분유 1/2/3단계 24팩/공식대리점,27900,4.8,1745,대한민국
ObjectId("5b8108b734957165033a12e6"),트루맘프리미엄1. 2 .3 .4 단계3캔/기한21년1월이상,61000,4.7,2100,호주
ObjectId("5b8108b734957165033a12e7"),[매일]NEW 앱솔루트 명작 1~4단계 3캔 (안심포장),51300,4.6,6602,대한민국
ObjectId("5b8108b734957165033a12e8"),일동산양분유1-3단계 800g*3캔월-토요일오후6시까지 당일발송 혼합가능 뽁뽁이안전포장,121000,4.7,173,뉴질랜드
ObjectId("5b8108b734957165033a12e9"),[남양] 아기사랑수 800g X 3캔,36000,4.6,2577,대한민국
ObjectId("5b8108b734957165033a12ea"),[쿠폰할인] 앱솔루트 명작 1/2/3/4단계 800g*3,51900,4.5,428,대한민국
ObjectId("5b8108b734957165033a12eb"),[쿠폰할인] 앱솔루트 유기농 궁 1~4단계 800g*3,69900,4.5,930,대한민국
ObjectId("5b8108b734957165033a12ec"),매일분유 앱솔루트궁 800g 1 2 3 4 단계 3캔 이중포장,69900,4.5,26,대한민국
ObjectId("5b8108b734957165033a12ed"),앱솔루트 명작 1단계 2단계 3단계 4단계 800g 아기분유 명작분유 프리미엄분유 신생아분유 고급분유,41900,4.7,3,대한민국
ObjectId("5b8108b734957165033a12ee"),[매일유업]앱솔루트 HA 400g[1캔]특수분유/공식판매점,17600,4.6,1055,대한민국
ObjectId("5b8108b734957165033a12ef"),[쿠폰할인] 앱솔루트 프리미엄 명작 2단계 800*3,59900,4.5,27,대한민국
ObjectId("5b8108b734957165033a12f0"),[남양] 유기농 산양분유 1~4단계 800g 2캔,57000,4.6,26,대한민국
ObjectId("5b8108b734957165033a12f1"),남양 명품유기농 엄마의작품 2/3/4단계 540g 3캔,49400,4.8,1119,대한민국
ObjectId("5b8108b734957165033a12f2"),*당일출고/무료배송*일동 후디스 트루맘 프리미엄 1~4단계 800gx3캔,59900,0,0,호주
ObjectId("5b8108b734957165033a12f3"),(11%쿠폰가 75 400원) 남양 아이엠마더1~4단계 3캔,80400,4.8,9996,대한민국
ObjectId("5b8108b734957165033a12f4"),앱솔루트 본(本)1 2.3단계(750gx3캔),34800,4.6,2393,대한민국
ObjectId("5b8108b734957165033a12f5"),순산양분유 1~3단계 400g x 1캔 특가행사[6캔+사은품],14890,4.4,910,뉴질랜드
ObjectId("5b8108b734957165033a12f6"),[파스퇴르] 위드맘 산양분유 1~3단계 750G 3캔,78000,4.6,324,대한민국
ObjectId("5b8108b734957165033a12f7"),남양 아이엠마더 1/2/3/4단계 800g 뽁뽁이 이중포장,75900,4.8,3678,대한민국
ObjectId("5b8108b734957165033a12f8"),매일 앱솔루트 센서티브 1/2/3/4단계 900g x 3캔,103800,4.5,36,대한민국
ObjectId("5b8108b734957165033a12f9"),매일 앱솔루트 센서티브 1/2/3/4단계 900g x 3캔,103800,4.5,36,대한민국
ObjectId("5b8108b734957165033a12fa"),매일 앱솔루트 센서티브 1/2/3/4단계 900g x 3캔,103800,4.5,36,대한민국
ObjectId("5b8108b734957165033a12fb"),남양 아이엠마더 액상분유 1/2/3단계 24개입/공식판매,27900,4.7,18,대한민국
ObjectId("5b8108b734957165033a12fc"),남양 아이엠마더 액상분유 1/2/3단계 24개입/공식판매,27900,4.7,18,대한민국
ObjectId("5b8108b734957165033a12fd"),남양 아이엠마더 액상분유 1/2/3단계 24개입/공식판매,27900,4.7,18,대한민국
ObjectId("5b8108b734957165033a12fe"),남양 임페리얼XO 1단계 2단계 3단계 4단계 800g x3캔,55400,4.9,780,대한민국
ObjectId("5b8108b734957165033a12ff"),[쿠폰가능]앱솔루트 명작 1/2/3/4단계(800g 3캔),51200,4.7,28657,대한민국
ObjectId("5b8108b734957165033a1300"),[11%쿠폰가 120 100원]일동후디스 프리미엄 산양분유 1~4단계 800g 3캔,125100,4.6,1608,뉴질랜드
ObjectId("5b8108b734957165033a1301"),헤모틴틴베이비(1gx60포)2캔/비타민/철분제,25900,4.7,1257,대한민국
ObjectId("5b8108b734957165033a1302"),남양 액상분유 모음전,10500,4.4,693,대한민국
ObjectId("5b8108b734957165033a1303"),[남양] 임페리얼XO 유기농 오가닉 1~4단계 3캔,72800,4.6,442,대한민국
ObjectId("5b8108b734957165033a1304"),케오 남양 임페리얼드림 XO 3단계 2캔,52600,0,0,대한민국
ObjectId("5b8108b734957165033a1305"),[[이베이비샵]]남양 임페리얼XO1~4단계/800g/사은품,22000,4.7,733,대한민국
ObjectId("5b8108b734957165033a1306"),앱솔루트 유기농궁1.2.3.4단계스틱(14gx20포)1팩,12300,4.4,228,대한민국
ObjectId("5b8108b734957165033a1307"),[11%쿠폰] 베비언스 산양 액상분유 0~24개월 20입,42900,4.6,870,대한민국
ObjectId("5b8108b734957165033a1308"),3+1행사 파스퇴르 위드맘 2단계 4캔/분유/공식대리점,57900,4.9,16334,대한민국
ObjectId("5b8108b734957165033a1309"),유기농궁 1단계 400g 1캔,15700,4.7,291,대한민국
ObjectId("5b8108b734957165033a130a"),아이엠마더 3단계 800g 1캔,26800,4.3,3,대한민국
ObjectId("5b8108b734957165033a130b"),파스퇴르 뉴 위드맘 분유 1단계 2단계 3단계 750gx3캔,49900,4.3,33,대한민국
ObjectId("5b8108b734957165033a130c"),[매일]앱솔루트 유기농궁 1~4단계 3캔 (안심포장),76500,4.6,6623,대한민국
ObjectId("5b8108b734957165033a130d"),[퓨어락]뉴질랜드 프리미엄 분유 800g,38900,4.6,458,뉴질랜드
ObjectId("5b8108b734957165033a130e"),헤모틴틴베이비 60포1캔/어린이비타민/철분제/초유밀,11900,4.7,3287,대한민국
ObjectId("5b8108b734957165033a130f"),유기농궁 1단계 2단계 3단계 4단계 800g/400g 1캔,24400,4.6,595,대한민국
ObjectId("5b8108b734957165033a1310"),[파스퇴르] 위드맘 산양분유 1단계 750gX3캔,79900,4.4,5,대한민국
ObjectId("5b8108b734957165033a1311"),[매일]앱솔루트 명작1 2 3 4단계(800gX3캔),52900,4.8,11613,대한민국
ObjectId("5b8108b734957165033a1312"),남양임페리얼XO1-4 평일오후6시토요일 오후2시마감,48000,4.8,92679,대한민국
ObjectId("5b8108b734957165033a1313"),일동후디스 프리미엄 산양분유 1/2/3단계 400gX6캔,182900,4,6,뉴질랜드
ObjectId("5b8108b734957165033a1314"),앱솔루트명작 1단계 800g 1캔,20000,4.8,5,대한민국
ObjectId("5b8108b734957165033a1315"),아이배냇 산양분유1~4단계 800*3캔 안전배송 꼼꼼한배송,87700,0,0,뉴질랜드
ObjectId("5b8108b734957165033a1316"),[네오게이트] 영국 네오케이트분유 400g 4캔 / 아미노산/특수분유 / 분유 알레르기,213800,4.4,40,영국
ObjectId("5b8108b734957165033a1317"),순산양분유 800g x 3캔 / 400gx6캔 특가[사은품 증정],87790,4.6,732,뉴질랜드
ObjectId("5b8108b734957165033a1318"),앱솔루트 명작 3단계 4단계 800g 3개 아기분유 매일분유 명작분유 분유추천 프리미엄분유,50900,0,0,대한민국
ObjectId("5b8108b734957165033a1319"),트루맘 액상분유 3단계 24개 + 니플2개 (19년2/5),24900,4.6,74,호주
ObjectId("5b8108b734957165033a131a"),메디푸드 엘디 (200ml 30캔) 액상/엘디 포 (49g/98g),35500,4.6,25,대한민국
ObjectId("5b8108b734957165033a131b"),남양 아이엠마더1~4단계 800g,72500,4.7,3,대한민국
ObjectId("5b8108b734957165033a131c"),메디에프 스마일 150ml 24팩/메디푸드,27900,4,2,대한민국
ObjectId("5b8108b734957165033a131d"),메디푸드 엘디 (200ml 30캔),39700,4,1,대한민국
ObjectId("5b8108b734957165033a131e"),메디푸드 모노웰 87g 10포,75400,4,1,대한민국
ObjectId("5b8108b734957165033a131f"),메디푸드 엠씨티 오일 300ml/MCT OIL/엠시티,40400,5,1,대한민국
ObjectId("5b8108b734957165033a1320"),서강 가당전지밀 파마산치즈 (1KgX12sack) /(관련어)전지밀 식자재 업소용식자재 대용량식자재(Oneworld2),105460,0,0,대한민국
ObjectId("5b8108b734957165033a1321"),서강 가당전지밀 파마산 (1KgX1sack) 전지밀 식자재 ,12530,0,0,대한민국
ObjectId("5b8108b734957165033a1322"),서강 가당전지밀 파마산치즈 (1KgX12sack) 전지밀 식,100160,0,0,대한민국
ObjectId("5b8108b734957165033a1323"),서강 가당전지밀 파마산 (1KgX1sack) 식자재 업소용식자재 대용량식자재,8720,0,0,대한민국
ObjectId("5b8108b734957165033a1324"),서강 가당전지밀 파마산치즈 (1KgX12sack),94550,0,0,대한민국
ObjectId("5b8108b734957165033a1325"),메디푸드 무스웰 이온 (100g) 1박스 50개,88000,0,0,대한민국
ObjectId("5b8108b734957165033a1326"),메디푸드 무스웰 밸런스 (100g) 1박스 50개,99000,0,0,대한민국
ObjectId("5b8108b734957165033a1327"),메디푸드 모노웰 87g 10포,77900,0,0,대한민국
ObjectId("5b8108b734957165033a1328"),메디푸드 글루트롤 1.5 (200ml 30캔),53000,0,0,대한민국
ObjectId("5b8108b734957165033a1329"),메디푸드 멀티칼 300g/캔,40500,0,0,대한민국
ObjectId("5b8108b734957165033a132a"),메디푸드 ORS 오알에스 수분보급젤리 100ml 40팩,50600,0,0,대한민국
ObjectId("5b8108b734957165033a132b"),메디푸드 RTH 알티에이치 엘디 500ml 20팩/피딩줄10개,108000,0,0,대한민국
ObjectId("5b8108b734957165033a132c"),메디푸드 RTH 알티에이치 글루트롤 500/피딩줄10개,106500,0,0,대한민국
ObjectId("5b8108b734957165033a132d"),메디에프 스마일 150ml 24팩/메디푸드,26690,0,0,대한민국
ObjectId("5b8108b734957165033a132e"),초유 츄어블 탄산칼슘 캔디 씹어먹 어린이 유아 키즈/,59900,0,0,뉴질랜드
ObjectId("5b8108b734957165033a132f"),남양 아기사랑 秀S 1/2/3/4단계x3캔/분유/유아식,36000,4.8,19831,대한민국
ObjectId("5b8108b734957165033a1330"),[쇼킹한 특가] 녹십자 노발락 프랑스 분유 1캔,26500,4.6,13812,프랑스
ObjectId("5b8108b734957165033a1331"),인파트리니분유 400gx2캔/ 독일 밀루파/우체국택배,74900,4.3,24,독일
ObjectId("5b8108b734957165033a1332"),독일 힙 콤비오틱 HIPP 홀레 분유 HOLLE,29300,4.7,608,독일
ObjectId("5b8108b734957165033a1333"),일동후디스 프리미엄 산양분유 1/2/3단계 400g,29900,4.4,7,뉴질랜드
ObjectId("5b8108b734957165033a1334"),일동후디스 프리미엄 산양분유 1/2/3단계 400gX3캔,91500,5,1,뉴질랜드
ObjectId("5b8108b734957165033a1335"),일동후디스 프리미엄 산양분유 1~4단계 800g,41700,5,2,뉴질랜드
ObjectId("5b8108b734957165033a1336"),임페리얼XO 1단계2단계3단계4단계 800g 1캔,17900,4.6,1098,대한민국
ObjectId("5b8108b734957165033a1337"),매일]특수분유_3캔모음 HA분유/소이분유/프리미/설사,29300,4.8,1514,대한민국
ObjectId("5b8108b734957165033a1338"),유기농궁4단계 800g 1캔,24300,4.5,19,대한민국
ObjectId("5b8108b734957165033a1339"),앱솔루트센서티브 1/2/3단계 900g 1캔,35000,4.6,800,대한민국
ObjectId("5b8108b734957165033a133a"),베비언스 액상분유,23000,4.5,50,대한민국
ObjectId("5b8108b734957165033a133b"),[노발락] 공식수입★분유/특수분유,28000,0,0,대한민국
ObjectId("5b8108b734957165033a133c"),[힙] 독일내수분유 모음,32000,0,0,독일
ObjectId("5b8108b734957165033a133d"),독일 직배송 분유 압타밀 4캔/6캔,81900,0,0,독일
ObjectId("5b8108b734957165033a133e"),[슈퍼마트]앱솔루트 명작모음전1~4단계 3캔 모음전,50860,4.6,1134,대한민국
ObjectId("5b8108b734957165033a133f"),압타밀/힙/노발락해외직배송,91100,0,0,대한민국
ObjectId("5b8108b734957165033a1340"),[압타밀]독일제조/내수용해외직배송,33200,0,0,독일
ObjectId("5b8108b734957165033a1341"),[남양/임페리얼] 분유 전라인,7300,4.4,129,대한민국
ObjectId("5b8108b734957165033a1342"),[슈퍼마트] 매일 분유 모음전,7900,0,0,대한민국
ObjectId("5b8108b734957165033a1343"),[퓨어락] 뉴질랜드 분유 1/3/6캔,37200,0,0,대한민국
ObjectId("5b8108b734957165033a1344"),[슈퍼마트]남양 인기분유 3캔 모음전임페리얼/아이엠마더/컴포트케어 외 ,55500,4.6,749,대한민국
ObjectId("5b8108b734957165033a1345"),[슈퍼마트]남양 아기사랑 수 4단계 모음전 (750g X 3팩),33000,0,0,대한민국
ObjectId("5b8108b734957165033a1346"),아이엠마더 분유 모음전즉시할인 최저가!,80100,4.5,384,대한민국
ObjectId("5b8108b734957165033a1347"),[슈퍼마트] 파스퇴르 무.항.생.제. 위드맘 3캔즉시할인가,29100,4.4,220,대한민국
ObjectId("5b8108b734957165033a1348"),[슈퍼마트]남양 임페리얼 분유 XO 800g *3캔,55500,4.6,1042,대한민국
ObjectId("5b8108b734957165033a1349"),[슈퍼마트]앱솔루트 궁 단계별 3캔 모음전,76500,4.7,337,대한민국
ObjectId("5b8108b734957165033a134a"),[파스퇴르] 위드맘 2단계 4캔,57900,0,0,대한민국
ObjectId("5b8108b734957165033a134b"),[슈퍼마트]인기분유 3캔 모음전남양/매일/파스퇴르/일동분유BEST,55500,4.7,277,대한민국
ObjectId("5b8108b734957165033a134c"),[슈퍼마트] 퓨어락 뉴질랜드 청정 프리미엄 분유 모음전,36320,0,0,대한민국
ObjectId("5b8108b734957165033a134d"),[슈퍼마트] 파스퇴르 무항.생제 위드맘 100일 캔/스틱,10200,0,0,대한민국
ObjectId("5b8108b734957165033a134e"),[매일/앱솔루트]분유 전라인400g/800g/스틱/특수분유,6900,0,0,대한민국
ObjectId("5b8108b734957165033a134f"),베비언스 산양액상분유/워터/스킨케어/세제류,6900,0,0,대한민국
ObjectId("5b8108b734957165033a1350"),[슈퍼마트]궁 4단계 800g *3캔,76500,4.6,6,대한민국
ObjectId("5b8108b734957165033a1351"),[코알라] 분유900g 1캔/3캔 특가,38000,0,0,대한민국
ObjectId("5b8108b734957165033a1352"),[노발락] 프랑스 분유 6종 3통 초특가!!,66000,0,0,대한민국
ObjectId("5b8108b734957165033a1353"),[압타밀]독일내수용 6통모음,194500,0,0,독일
ObjectId("5b8108b734957165033a1354"),[슈퍼마트]일동후디스 산양분유 3캔 단계별 모음전,131700,0,0,대한민국
ObjectId("5b8108b734957165033a1355"),[남양] 액상분유 24입(임페리얼XO / 아이엠마더),13900,0,0,대한민국
ObjectId("5b8108b734957165033a1356"),[파스퇴르] 위드맘 산양분유3캔 특가,69900,0,0,대한민국
ObjectId("5b8108b734957165033a1357"),[퓨어락]분유 1~3단계 6캔/3캔/1캔,37200,0,0,대한민국
ObjectId("5b8108b734957165033a1358"),[파스퇴르]위드맘 액상분유 6개입+니플1개증정,9900,0,0,대한민국
ObjectId("5b8108b734957165033a1359"),[슈퍼마트]궁 3단계 800g *3캔,76500,0,0,대한민국
ObjectId("5b8108b734957165033a135a"),[슈퍼마트] 남양 유기농 산양분유 800g 모음,47000,0,0,대한민국
ObjectId("5b8108b734957165033a135b"),[슈퍼마트]아이배냇 순산양분유/순산양유아식 모음,85560,0,0,대한민국
ObjectId("5b8108b734957165033a135c"),[압타밀] 독일내수용 프로누트라  킨더밀쉬♥,95500,0,0,독일
ObjectId("5b8108b734957165033a135d"),[압타밀/힙] 분유독일제조 독일내수용,91100,0,0,독일
ObjectId("5b8108b734957165033a135e"),[슈퍼마트]일동후디스 산양분유 1캔 단계별 모음전,43910,0,0,대한민국
ObjectId("5b8108b734957165033a135f"),[슈퍼마트]트루맘 프리미엄 3캔 단계별 모음전,66000,0,0,대한민국
ObjectId("5b8108b734957165033a1360"),[슈퍼마트] 매일 앱솔루트 본 가루분유 단계별 모음전,33000,0,0,대한민국
ObjectId("5b8108b734957165033a1361"),[슈퍼마트]매일 앱솔루트 센서티브 3캔 모음전,105420,0,0,대한민국
ObjectId("5b8108b734957165033a1362"),[슈퍼마트] 남양 분유 800g 3캔 모음전,70980,5,24,대한민국
ObjectId("5b8108b734957165033a1363"),[슈퍼마트] 아이엠뉴질랜드 분유/베이비 요거트 모음,3900,0,0,뉴질랜드
ObjectId("5b8108b734957165033a1364"),[슈퍼마트] 매일 유기농궁 스틱분유 모음전,12160,4.5,12,대한민국
ObjectId("5b8108b734957165033a1365"),[베비언스]액상분유/니플 모음전 ,23800,0,0,대한민국
ObjectId("5b8108b734957165033a1366"),[남양유업]임페리얼XO1~4단계 3캔,55800,0,0,대한민국
ObjectId("5b8108b734957165033a1367"),[앱솔루트]유기농궁 / 명작1-4단계 800g*3캔,52000,0,0,대한민국
ObjectId("5b8108b734957165033a1368"),[슈퍼마트]파스퇴르 위드맘 단계별 3캔 모음,63300,4.5,263,대한민국
ObjectId("5b8108b734957165033a1369"),[베비언스] 액상분유 대용량1~3단계 특가,45500,0,0,대한민국
ObjectId("5b8108b734957165033a136a"),[카브리타] 산양분유★퀄리고트 인증★,51000,0,0,뉴질랜드
ObjectId("5b8108b734957165033a136b"),[트루맘] 프리미엄 1~4단계 800g 3캔,66000,0,0,대한민국
ObjectId("5b8108b734957165033a136c"),[남양유업]아이엠마더 분유 1~4단계 3캔,82200,0,0,대한민국
ObjectId("5b8108b734957165033a136d"),[슈퍼마트]명작 3단계 800g *3캔,50860,0,0,대한민국
ObjectId("5b8108b734957165033a136e"),[슈퍼마트] 홀레 유기농 분유 모음전,15900,0,0,대한민국
ObjectId("5b8108b734957165033a136f"),[슈퍼마트] 남양 분유 모음전 (스틱  액상 포함),11510,0,0,대한민국
ObjectId("5b8108b734957165033a1370"),[슈퍼마트]임페리얼분유 오가닉 모음전,70980,0,0,대한민국
ObjectId("5b8108b734957165033a1371"),[슈퍼마트] 일동 분유 모음전,10800,4.4,42,호주
ObjectId("5b8108b734957165033a1372"),[남양유업] 임페리얼XO  아이엠마더  아기사랑수 3캔특가,36000,0,0,대한민국
ObjectId("5b8108b734957165033a1373"),[슈퍼마트]베비언스 산양액상분유/액상분유/니플,1100,4.5,469,대한민국
ObjectId("5b8108b734957165033a1374"),[홀레] Holle Bio독일내수용Pre~4단계까지,71000,0,0,대한민국
ObjectId("5b8108b734957165033a1375"),[슈퍼마트] 트루맘 슈퍼 프리미엄 퀸 3캔 모음전즉시할인,95000,0,0,대한민국
ObjectId("5b8108b734957165033a1376"),[슈퍼마트]남양 아기사랑 수 1단계 750g x 3팩,33000,0,0,대한민국
ObjectId("5b8108b734957165033a1377"),아이엠뉴질랜드 프로+조제분유,35900,0,0,뉴질랜드
ObjectId("5b8108b734957165033a1378"),[앱솔루트]명작/궁 400g모음특가,53900,0,0,대한민국
ObjectId("5b8108b734957165033a1379"),[남양] 아이엠마더 액상분유 24팩,27900,0,0,대한민국
ObjectId("5b8108b734957165033a137a"),[슈퍼마트] 파스퇴르 무.항.생.제 위드맘 2단계즉시할인가 ,29100,0,0,대한민국
ObjectId("5b8108b734957165033a137b"),[일동후디스]산양분유 3캔증정★이유식3병,131700,5,1,대한민국
ObjectId("5b8108b734957165033a137c"),[앱솔루트]명작 액상분유6입/24입,11200,0,0,대한민국
ObjectId("5b8108b734957165033a137d"),[슈퍼마트]아이배냇 순산양분유/순산양유아식 400g 모음,14710,4.6,39,대한민국
ObjectId("5b8108b734957165033a137e"),[트루맘] [후디스]분유 전라인,10200,0,0,대한민국
ObjectId("5b8108b734957165033a137f"),[슈퍼마트] 남양 아이엠마더 스틱분유 모음전,15000,0,0,대한민국
ObjectId("5b8108b734957165033a1380"),[위드맘] 액상분유 2 3단계 24입,25900,0,0,대한민국
ObjectId("5b8108b734957165033a1381"),일동후디스 트루맘액상분유 1~3단계 ,10900,0,0,대한민국
ObjectId("5b8108b734957165033a1382"),[슈퍼마트] 파스퇴르 분유 모음,63300,4.6,24,대한민국
ObjectId("5b8108b734957165033a1383"),임페리얼 유기농 분유 1개입,26900,0,0,대한민국
ObjectId("5b8108b734957165033a1384"),[듀오칼] 특수분유 400g 1통,33000,0,0,영국
ObjectId("5b8108b734957165033a1385"),[슈퍼마트]트루맘 프리미엄 2단계 800g 즉시할인가,20170,0,0,대한민국
ObjectId("5b8108b734957165033a1386"),[Holle]★공식★홀레 유기농 분유,15900,0,0,대한민국
ObjectId("5b8108b734957165033a1387"),[베비언스]분유 전라인 ,14900,0,0,대한민국
ObjectId("5b8108b734957165033a1388"),베비언스 액상분유,35900,4.4,62,대한민국
ObjectId("5b8108b734957165033a1389"),[트루맘] 슈퍼프리미엄 퀸분유 1/4단계,34000,0,0,대한민국
ObjectId("5b8108b734957165033a138a"),[슈퍼마트]궁 1단계 800g *3캔,80110,4.7,31,대한민국
ObjectId("5b8108b734957165033a138b"),[슈퍼마트]매일궁분유400g모음매일 유기농궁 1/2/4단계,15900,4.6,7,대한민국
ObjectId("5b8108b734957165033a138c"),[슈퍼마트] 매일 명작 스틱분유 모음전,8800,4.9,7,대한민국
ObjectId("5b8108b734957165033a138d"),[압타밀] 독일내수용프로누트라/프로푸트라/킨더밀쉬,44000,0,0,독일
ObjectId("5b8108b734957165033a138e"),[홀레] ♥쿠폰필수공식수입 전라인,15900,4.5,70,대한민국
ObjectId("5b8108b734957165033a138f"),인파트리니 1~5통듀오칼 네오케이트,38500,4.4,21,영국
ObjectId("5b8108b734957165033a1390"),[★퓨어락] 뉴질랜드분유1캔/3캔,41900,0,0,대한민국
ObjectId("5b8108b734957165033a1391"),[베바] 옵티프로 분유/킨더밀쉬 3통 특가,53700,4.9,6,프랑스
ObjectId("5b8108b734957165033a1392"),[슈퍼마트]노발락 2단계,29440,0,0,대한민국
ObjectId("5b8108b734957165033a1393"),[노발락] 독일내수용해외직배송,72000,0,0,대한민국
ObjectId("5b8108b734957165033a1394"),[슈퍼마트]명작 2단계 800g *3캔,60010,4.5,24,대한민국
ObjectId("5b8108b734957165033a1395"),[일루마] 골든드롭1~3단계 분유 900g 1통,62800,0,0,아일랜드
ObjectId("5b8108b734957165033a1396"),[슈퍼마트]매일 앱솔루트 센서티브 2단계 900g*3캔,99750,0,0,대한민국
ObjectId("5b8108b734957165033a1397"),[위드맘] 산양분유1~3단계 ,33700,0,0,대한민국
ObjectId("5b8108b734957165033a1398"),[위드맘]스틱분유1/2/3단계20봉/40봉★,14400,0,0,대한민국
ObjectId("5b8108b734957165033a1399"),[무료배송] 베비언스 산양액상분유,14900,0,0,대한민국
ObjectId("5b8108b734957165033a139a"),[슈퍼마트] 파스퇴르 무.항.생.제 위드맘 1단계즉시할인가 ,29100,0,0,대한민국
ObjectId("5b8108b734957165033a139b"),[슈퍼마트]남양 아이엠마더 컴포트케어 모음전,42100,0,0,대한민국
ObjectId("5b8108b734957165033a139c"),[슈퍼마트] 노발락 AR,39560,0,0,대한민국
ObjectId("5b8108b734957165033a139d"),헤모틴틴 베이비 60포 1캔,11900,0,0,대한민국
ObjectId("5b8108b734957165033a139e"),남양 아기사랑 수 750g 3캔,36000,0,0,대한민국
ObjectId("5b8108b734957165033a139f"),[베비언스] 액상/산양액상,34900,4.3,105,대한민국
ObjectId("5b8108b734957165033a13a0"),[슈퍼마트]남양 아기사랑 수 2단계 750g x 3팩,33000,0,0,대한민국
