,title,price,rating,replyCount,origin,item0,item1,item2,item3
0,[앱솔루트명작] 매일분유 앱솔루트명작 800 1 2 3 4 단계 3캔 2중포장,0.23413258110014107,0.9,9.710937752889003e-05,0.0,매일유업 앱솔루트 명작 1/2/3/4단계 800g,[매일유업] 매일 앱솔루트명작 분유 4단계 800g 3캔,[매일유업] 매일 앱솔루트명작 분유 3단계 800g 3캔,남양 임페리얼XO 분유 1~5단계 3캔
1,임페리얼XO 800g 1~5단계 3캔 /분유 안전이중포장,0.25575928537846737,1.0,0.0030859202192513946,0.0,남양 임페리얼XO 분유 1~5단계 3캔,3+1행사 파스퇴르 위드맘 2단계 4캔/분유/공식대리점,남양 임페리얼드림XO 3단계 800g 2캔 goantm870,남양분유 임페리얼드림XO 3단계 800G x2캔 큐에스지
2,[매일유업] 매일 앱솔루트명작 분유 3단계 800g 3캔,0.23413258110014107,0.9,0.0009710937752889004,0.0,[매일유업] 매일 앱솔루트명작 분유 4단계 800g 3캔,매일유업 앱솔루트 명작 1/2/3/4단계 800g,[앱솔루트명작] 매일분유 앱솔루트명작 800 1 2 3 4 단계 3캔 2중포장,남양 임페리얼XO 분유 1~5단계 3캔
3,남양 임페리얼드림XO 3단계 800g 2캔 goantm870,0.2448048895157499,1.0,0.0,0.0,남양 임페리얼XO 월드클래스 3단계 800g 2캔 엔티브이,남양분유 임페리얼드림XO 3단계 800G x2캔 큐에스지,남양분유 임페리얼xo 3단계 800g 2캔 clfod,에프엑스지 임페리얼드림 XO 3단계 2캔
4,[매일유업] 매일유업 앱솔루트 명작 1단계 800g 3캔,0.2764456981664316,0.9,0.0003668576484424735,0.0,[쿠폰할인] 앱솔루트 프리미엄 명작 2단계 800*3,[매일유업] 매일유업 앱솔루트 명작 2단계 800g 3캔,[슈퍼마트]명작 2단계 800g *3캔,파스퇴르 프리미엄 뉴위드맘 분유 2단계
5,[매일유업] 매일유업 앱솔루트 명작 2단계 800g 3캔,0.2764456981664316,0.9,0.00015105903171160672,0.0,[쿠폰할인] 앱솔루트 프리미엄 명작 2단계 800*3,[매일유업] 매일유업 앱솔루트 명작 1단계 800g 3캔,[슈퍼마트]명작 2단계 800g *3캔,파스퇴르 프리미엄 뉴위드맘 분유 2단계
6,[매일유업] 매일 앱솔루트명작 분유 4단계 800g 3캔,0.23413258110014107,0.9,0.0009495139136158137,0.0,[매일유업] 매일 앱솔루트명작 분유 3단계 800g 3캔,매일유업 앱솔루트 명작 1/2/3/4단계 800g,[앱솔루트명작] 매일분유 앱솔루트명작 800 1 2 3 4 단계 3캔 2중포장,남양 임페리얼XO 분유 1~5단계 3캔
7,[앱솔루트궁] 매일분유 앱솔루트궁 800g 1 2 3 4 단계 3캔 이중포장,0.3422661024917725,0.9,0.0002050086858943234,0.0,[매일유업] 뉴 앱솔루트 궁3단계 3캔/앱솔루트궁/유기농궁,[매일유업] 앱솔루트 궁3단계 3캔/앱솔루트궁/유기농궁,[앱솔루트궁] 앱솔루트 유기농궁 전단계 800g 3캔/분유,[매일유업] 매일유업 뉴 앱솔루트궁 4단계 3캔/유기농궁
8,임페리얼 드림 XO 3단계 4단계 3캔 (추가금 없음),0.25481899388810536,0.9,5.3949654182716686e-05,0.0,남양유업 임페리얼XO 3단계3캔 분유,남양유업 임페리얼XO 4단계3캔 분유,[친절한기분] 남양 임페리얼 XO (3캔) 1/2/3/4/5(800gx3캔),임페리얼XO 1/2/3/4단계/당일발송(뽁뽁이 이중포장)
9,남양 임페리얼XO 분유 1~5단계 3캔,0.2369534555712271,0.9,0.0001402691008750634,0.0,[앱솔루트명작] 매일분유 앱솔루트명작 800 1 2 3 4 단계 3캔 2중포장,매일유업 앱솔루트 명작 1/2/3/4단계 800g,[매일유업] 매일 앱솔루트명작 분유 4단계 800g 3캔,[매일유업] 매일 앱솔루트명작 분유 3단계 800g 3캔
10,남양 아기사랑 수 분유 1~4단계3캔+사은품,0.16408086506817116,0.9,0.002039296928106691,0.0,[남양] 남양 아기사랑 수 1~4단계 3캔 분유 / 사은품 증정,남양 아기사랑 수 어드밴스 1/2/3/4단계 3캔,파스퇴르 위드맘 그로우업 액상 2,남양유업 아기사랑수 3단계 750g 3캔
11,남양 아이엠마더 2.3.4단계 800g x3캔 에어캡안전포장,0.3638928067700988,0.9,0.0013487413545679172,0.0,[앱솔루트궁] 매일 앱솔루트 유기농궁 1단계 800g 3캔,아이엠마더 분유 모음전즉시할인 최저가!,[앱솔루트궁] 앱솔루트 유기농궁 전단계 800g 3캔/분유,[매일유업] 뉴 앱솔루트 궁2단계 3캔/앱솔루트궁/유기농궁
12,3+1행사 파스퇴르 위드맘 2단계 4캔/분유/공식대리점,0.2529384109073813,1.0,0.0020932465822894072,0.0,임페리얼XO 800g 1~5단계 3캔 /분유 안전이중포장,남양 임페리얼XO 분유 1~5단계 3캔,남양 임페리얼드림XO 3단계 800g 2캔 goantm870,남양분유 임페리얼드림XO 3단계 800G x2캔 큐에스지
13,[남양] 남양 임페리얼XO 임페리얼 XO 3단계 4단계 800g 3캔,0.25528913963328637,0.9,0.01002384574714876,0.0,[친절한기분] 남양 임페리얼 XO (3캔) 1/2/3/4/5(800gx3캔),임페리얼XO 1/2/3/4단계/당일발송(뽁뽁이 이중포장),파스퇴르 프리미엄 뉴위드맘 분유 3단계,[앱솔루트명작] 매일 앱솔루트명작 분유 전단계 800g 3캔/이유식
14,독일 압타밀 프로푸트라 프로누트라/킨더밀쉬/액상/HA,0.47813822284908325,0.9,0.0020716667206163207,1.0,뉴질랜드 프리미엄분유 뉴 퓨어락 800g 3캔,독일 압타밀 분유 1단계 800g x 6,[일동후디스] 일동후디스 프리미엄 산양분유 1234단계(800gX3캔),순산양분유 800g x 3캔 / 400gx6캔 특가[사은품 증정]
15,남양분유 임페리얼xo 3단계 800g 2캔 clfod,0.2447578749412318,1.0,0.0,0.0,남양분유 임페리얼드림XO 3단계 800G x2캔 큐에스지,남양분유 임페리얼xo 3단계 800g 2캔 clfod,남양 임페리얼드림XO 3단계 800g 2캔 goantm870,에프엑스지 임페리얼드림 XO 3단계 2캔
16,남양 임페리얼 XO 1~5단계 3캔 스틱.분유/사은품 증정,0.25575928537846737,0.9,0.055039437197207566,0.0,임페리얼XO 드림 World Class 분유 4단계,남양유업 임페리얼드림 XO 분유 3단계,[매일]NEW 앱솔루트 명작 1~4단계 3캔 (안심포장),임페리얼XO 로얄 클래스 분유 1단계
17,남양 임페리얼XO 월드클래스 3단계 800g 2캔 엔티브이,0.2447578749412318,1.0,0.0,0.0,남양분유 임페리얼드림XO 3단계 800G x2캔 큐에스지,남양분유 임페리얼xo 3단계 800g 2캔 clfod,남양 임페리얼드림XO 3단계 800g 2캔 goantm870,에프엑스지 임페리얼드림 XO 3단계 2캔
18,[압타밀] 압타밀 프로푸트라 세이프박스 프레 800g 6통,0.608838740009403,1.0,0.0,1.0,[일동후디스] 일동후디스 프리미엄 산양분유 1단계 800g x3캔,[일동후디스] 일동 산양분유 2단계800gx3캔/최신(유통기한21년01월),일동산양분유2단계 800g*3캔월-토요일오후6시까지 당일발송 혼합가능 뽁뽁이안전포장,일동산양분유1-3단계 800g*3캔월-토요일오후6시까지 당일발송 혼합가능 뽁뽁이안전포장
19,[아이배냇] 아이배냇 순산양분유 2단계 800g,0.14010343206393983,0.8,0.0,1.0,일동후디스 프리미엄 산양분유 1/2/3단계 400g,인파트리니 1~5통듀오칼 네오케이트,[노발락] 노발락 2단계 800g 공식판매정품 당일발송 novalac,노발락 분유 2단계
20,[친절한기분] 남양 임페리얼 XO (3캔) 1/2/3/4/5(800gx3캔),0.25481899388810536,0.9,0.0031182900117610246,0.0,임페리얼XO 1/2/3/4단계/당일발송(뽁뽁이 이중포장),남양유업 임페리얼XO 4단계3캔 분유,임페리얼 드림 XO 3단계 4단계 3캔 (추가금 없음),남양유업 임페리얼XO 3단계3캔 분유
21,[위드맘] 파스퇴르 뉴 위드맘 분유 1단계 2단계 3단계 750gx3캔,0.22943112364833101,0.9,0.0003236979250963001,0.0,[앱솔루트명작] 매일분유 앱솔루트명작 800 1 2 3 4 단계 3캔 2중포장,매일유업 앱솔루트 명작 1/2/3/4단계 800g,[매일유업] 매일 앱솔루트명작 분유 4단계 800g 3캔,[매일유업] 매일 앱솔루트명작 분유 3단계 800g 3캔
22,[일동후디스] 일동산양분유800g(3캔) 1~4단계 당일발송함(추가금NO),0.5637047484720263,0.9,0.008426935983340347,1.0,(빠른직구) 압타밀 프로누트라 프레 6통 외,[일동후디스] 일동후디스 프리미엄 산양분유 1234단계(800gX3캔),[일동]프리미엄 산양분유 1~3단계 800g 3캔(안심포장),[11%쿠폰가 120 100원]일동후디스 프리미엄 산양분유 1~4단계 800g 3캔
23,매일유업 앱솔루트 명작 1/2/3/4단계 800g,0.23413258110014107,0.9,0.000863194466923467,0.0,[매일유업] 매일 앱솔루트명작 분유 4단계 800g 3캔,[매일유업] 매일 앱솔루트명작 분유 3단계 800g 3캔,[앱솔루트명작] 매일분유 앱솔루트명작 800 1 2 3 4 단계 3캔 2중포장,남양 임페리얼XO 분유 1~5단계 3캔
24,뉴질랜드 프리미엄분유 뉴 퓨어락 800g 3캔,0.4456981664315938,0.9,0.00016184896254815004,1.0,독일 압타밀 분유 1단계 800g x 6,독일 압타밀 프로푸트라 프로누트라/킨더밀쉬/액상/HA,순산양분유 800g x 3캔 / 400gx6캔 특가[사은품 증정],아이배냇 순 산양 유아식 분유 4단계
25,[매일유업] 앱솔루트 궁3단계 3캔/앱솔루트궁/유기농궁,0.33333333333333337,0.9,0.0002265885475674101,0.0,[앱솔루트궁] 매일분유 앱솔루트궁 800g 1 2 3 4 단계 3캔 이중포장,[매일유업] 뉴 앱솔루트 궁3단계 3캔/앱솔루트궁/유기농궁,[매일유업] 매일유업 뉴 앱솔루트궁 4단계 3캔/유기농궁,매일분유 앱솔루트궁 800g 1 2 3 4 단계 3캔 이중포장
26,앱솔루트 유기농 궁 1/2/3/4단(800g x 3캔),0.31828866948754114,1.0,0.00019421875505778007,0.0,남양유업 임페리얼XO 800g 1단계 3캔 분유,매일유업 앱솔루트궁 1/2/3/4단계 800g,[슈퍼마트] 남양 분유 800g 3캔 모음전,남양 임페리얼XO Royal Class 1단계 2단계 800g x 3캔
27,[매일유업] 뉴 앱솔루트 궁3단계 3캔/앱솔루트궁/유기농궁,0.3427362482369535,0.9,0.001316371562058287,0.0,[앱솔루트궁] 매일분유 앱솔루트궁 800g 1 2 3 4 단계 3캔 이중포장,[매일유업] 앱솔루트 궁3단계 3캔/앱솔루트궁/유기농궁,[앱솔루트궁] 앱솔루트 유기농궁 전단계 800g 3캔/분유,매일분유 앱솔루트궁 800g 1 2 3 4 단계 3캔 이중포장
28,[일동후디스] 트루맘 프리미엄 3캔/1단계2단계3단계4단계/최신상품,0.305124588622473,1.0,0.00042080730262519014,0.0,남양 임페리얼XO Royal Class 1단계 2단계 800g x 3캔,남양유업 임페리얼XO 800g 1단계 3캔 분유,앱솔루트 유기농 궁 1/2/3/4단(800g x 3캔),매일유업 앱솔루트궁 1/2/3/4단계 800g
29,남양 임페리얼XO Royal Class 1단계 2단계 800g x 3캔,0.307005171603197,1.0,0.0015321701787891539,0.0,[일동후디스] 트루맘 프리미엄 3캔/1단계2단계3단계4단계/최신상품,남양유업 임페리얼XO 800g 1단계 3캔 분유,앱솔루트 유기농 궁 1/2/3/4단(800g x 3캔),매일유업 앱솔루트궁 1/2/3/4단계 800g
30,[남양] 아이엠마더1/2 /3 /4단계/당일발송(뽁뽁이 이중포장),0.3516690173953926,1.0,0.0013055816312217438,0.0,남양 임페리얼드림 오가닉 분유 1~4단계 3캔,[매일유업] 뉴 앱솔루트 궁1단계 3캔/앱솔루트궁/유기농궁,[슈퍼마트] 남양 분유 800g 3캔 모음전,남양 아이엠마더 1단계 2단계 3단계 4단계 800gx3캔
31,[일동후디스] 일동산양분유1-3 월-토 오후6시당일발송,0.18147625763986838,1.0,3.236979250963001e-05,1.0,[일동후디스] 일동후디스 프리미엄 산양분유 1 2 3 단계(800g 1캔),일동후디스 프리미엄 산양분유 1~4단계 800g,일동후디스 프리미엄 산양분유 3단계,[아이배냇] 아이배냇 순산양분유 1단계 800g
32,[매일유업] 앱솔루트 센서티브 1/2/3/4단계 900g 3캔 6캔구성,0.4743770568876352,0.9,0.007747170340638116,0.0,매일 앱솔루트 센서티브 1/2/3/4단계 900g x 3캔,매일 앱솔루트 센서티브 1/2/3/4단계 900g x 3캔,매일 앱솔루트 센서티브 1/2/3/4단계 900g x 3캔,임페리얼드림 Organic 3 분유
33,[앱솔루트궁] 앱솔루트 유기농궁 전단계 800g 3캔/분유,0.3530794546309356,0.9,0.00015105903171160672,0.0,[매일유업] 뉴 앱솔루트 궁3단계 3캔/앱솔루트궁/유기농궁,[앱솔루트궁] 매일분유 앱솔루트궁 800g 1 2 3 4 단계 3캔 이중포장,남양 아이엠마더 2.3.4단계 800g x3캔 에어캡안전포장,[앱솔루트궁] 매일 앱솔루트 유기농궁 1단계 800g 3캔
34,남양 임페리얼XO 분유 1~5단계 3캔,0.25575928537846737,1.0,0.0010142534986350737,0.0,임페리얼XO 800g 1~5단계 3캔 /분유 안전이중포장,3+1행사 파스퇴르 위드맘 2단계 4캔/분유/공식대리점,남양 임페리얼드림XO 3단계 800g 2캔 goantm870,남양분유 임페리얼드림XO 3단계 800G x2캔 큐에스지
35,[일동후디스] 일동후디스 프리미엄 산양분유 1234단계(800gX3캔),0.5491302303714152,0.9,0.0006366059193560569,1.0,(빠른직구) 압타밀 프로누트라 프레 6통 외,[일동후디스] 일동산양분유800g(3캔) 1~4단계 당일발송함(추가금NO),[일동]프리미엄 산양분유 1~3단계 800g 3캔(안심포장),일동산양분유2단계 800g*3캔월-토요일오후6시까지 당일발송 혼합가능 뽁뽁이안전포장
36,[일동후디스] 일동후디스 프리미엄 산양분유 1 2 3 단계(800g 1캔),0.1819464033850494,1.0,0.0007768750202311203,1.0,[일동후디스] 일동산양분유1-3 월-토 오후6시당일발송,일동후디스 프리미엄 산양분유 1~4단계 800g,일동후디스 프리미엄 산양분유 3단계,[아이배냇] 아이배냇 순산양분유 1단계 800g
37,[아이엠마더] 아이엠마더 엄마로 태어나다 2단계 800g 3캔,0.3963328631875882,1.0,2.1579861673086674e-05,0.0,아이엠마더1~2단계3캔/3.4단마이너스옵션/오후5시마감,[남양] 아이엠마더 4단계 800g 3캔,[남양] 아이엠마더 3단계 800g 3캔,[아이엠마더] 남양 아이엠마더 3단계 모성이 빛나는순간 800g x 3캔
38,[노발락] 노발락 2단계 800g 공식판매정품 당일발송 novalac,0.12646920545369067,0.9,0.0001402691008750634,1.0,노발락 분유 2단계,노발락 분유 1단계,일동후디스 프리미엄 산양분유 1/2/3단계 400g,트루맘 액상분유 3단계 24개 + 니플2개 (19년2/5)
39,[일동후디스] 하이키드 프리미엄 밀크 초코 산양골드 x 3캔,0.2745651151857076,1.0,0.002621953193280031,0.0,[위드맘] 파스퇴르 위드맘 분유 3단계 뉴 프리미엄 750g x 3캔,임페리얼XO 800g 1~5단계 3캔 /분유 안전이중포장,남양 임페리얼XO 분유 1~5단계 3캔,3+1행사 파스퇴르 위드맘 2단계 4캔/분유/공식대리점
40,[앱솔루트명작] 매일 앱솔루트명작 분유 전단계 800g 3캔/이유식,0.24823695345557123,0.9,0.00698108525124354,0.0,[친절한기분] 남양 임페리얼 XO (3캔) 1/2/3/4/5(800gx3캔),[남양] 남양 임페리얼XO 임페리얼 XO 3단계 4단계 800g 3캔,임페리얼XO 1/2/3/4단계/당일발송(뽁뽁이 이중포장),임페리얼 드림 XO 3단계 4단계 3캔 (추가금 없음)
41,남양분유 임페리얼드림XO 3단계 800G x2캔 큐에스지,0.2447578749412318,1.0,0.0,0.0,남양분유 임페리얼드림XO 3단계 800G x2캔 큐에스지,남양분유 임페리얼xo 3단계 800g 2캔 clfod,남양 임페리얼드림XO 3단계 800g 2캔 goantm870,에프엑스지 임페리얼드림 XO 3단계 2캔
42,남양 아기사랑 수 어드밴스 1/2/3/4단계 3캔,0.16408086506817116,0.9,0.0013055816312217438,0.0,[남양] 남양 아기사랑 수 1~4단계 3캔 분유 / 사은품 증정,남양유업 아기사랑수 3단계 750g 3캔,남양 아기사랑 수 분유 1~4단계3캔+사은품,파스퇴르 위드맘 그로우업 액상 2
43,[매일유업] 뉴 앱솔루트 궁2단계 3캔/앱솔루트궁/유기농궁,0.3751763046544429,0.9,0.00033448785593284344,0.0,남양유업 아이엠마더 3단계 800g 3캔,[앱솔루트궁] 매일 앱솔루트 유기농궁 1단계 800g 3캔,아이엠마더 분유 모음전즉시할인 최저가!,남양 아이엠마더 분유 1~4 단계 3캔+사은품
44,일동후디스 산양분유 800g X 1캔 + 사은품 증정,0.20122237893747064,0.9,4.315972334617335e-05,1.0,일동후디스 프리미엄 산양분유 1234단계(800gX1캔),[퓨어락]뉴질랜드 프리미엄 분유 800g,인파트리니 1~5통듀오칼 네오케이트,노발락 AR 분유 800g
45,[일동후디스] 일동후디스 프리미엄 산양분유 1단계 800g x3캔,0.5966149506346968,1.0,0.0,1.0,[압타밀] 압타밀 프로푸트라 세이프박스 프레 800g 6통,[일동후디스] 일동 산양분유 2단계800gx3캔/최신(유통기한21년01월),일동산양분유2단계 800g*3캔월-토요일오후6시까지 당일발송 혼합가능 뽁뽁이안전포장,일동산양분유1-3단계 800g*3캔월-토요일오후6시까지 당일발송 혼합가능 뽁뽁이안전포장
46,(빠른직구) 압타밀 프로누트라 프레 6통 외,0.5566525622943113,0.9,3.236979250963001e-05,1.0,[일동후디스] 일동후디스 프리미엄 산양분유 1234단계(800gX3캔),[일동후디스] 일동산양분유800g(3캔) 1~4단계 당일발송함(추가금NO),[일동]프리미엄 산양분유 1~3단계 800g 3캔(안심포장),[11%쿠폰가 120 100원]일동후디스 프리미엄 산양분유 1~4단계 800g 3캔
47,남양 아이엠마더 분유 1~4 단계 3캔+사은품,0.381288199341796,0.9,0.00937644989695616,0.0,앱솔루트 자연의 선물 유기농 궁 분유 2단계,남양유업 아이엠마더 3단계 800g 3캔,[매일유업] 뉴 앱솔루트 궁2단계 3캔/앱솔루트궁/유기농궁,아이엠마더 분유 모음전즉시할인 최저가!
48,매일 앱솔루트 명작 3단계 4단계 800g x 3캔,0.23883403855195112,1.0,0.003916744893665231,0.0,에프엑스지 임페리얼드림 XO 3단계 2캔,남양 임페리얼XO 월드클래스 3단계 800g 2캔 엔티브이,남양분유 임페리얼드림XO 3단계 800G x2캔 큐에스지,남양분유 임페리얼xo 3단계 800g 2캔 clfod
49,[일동후디스] 트루맘 액상분유 1/2/3단계 24입 니플4개 특가할인,0.13540197461212977,0.9,0.00023737847840395342,0.0,[베비언스] 액상분유 180/240ml 24/20입 0~24개월,파스퇴르 올곧게 만든 위드맘 100일 분유 1단계,아이엠마더 액상분유 1~3단계 24입 / 공식대리점,남양유업 임페리얼XO 액상1단계(0~6개월)6X4개 / 니플4개
50,아이엠마더1~2단계3캔/3.4단마이너스옵션/오후5시마감,0.39915373765867423,1.0,5.3949654182716686e-05,0.0,[아이엠마더] 아이엠마더 엄마로 태어나다 2단계 800g 3캔,[남양] 아이엠마더 4단계 800g 3캔,[남양] 아이엠마더 3단계 800g 3캔,[아이엠마더] 남양 아이엠마더 3단계 모성이 빛나는순간 800g x 3캔
51,[남양] 남양 아기사랑 수 1~4단계 3캔 분유 / 사은품 증정,0.16408086506817116,0.9,0.0016184896254815007,0.0,남양 아기사랑 수 어드밴스 1/2/3/4단계 3캔,남양 아기사랑 수 분유 1~4단계3캔+사은품,남양유업 아기사랑수 3단계 750g 3캔,파스퇴르 위드맘 그로우업 액상 2
52,에프엑스지 임페리얼드림 XO 3단계 2캔,0.2444757874941232,1.0,0.0,0.0,남양분유 임페리얼xo 3단계 800g 2캔 clfod,남양분유 임페리얼드림XO 3단계 800G x2캔 큐에스지,남양 임페리얼XO 월드클래스 3단계 800g 2캔 엔티브이,남양 임페리얼드림XO 3단계 800g 2캔 goantm870
53,[남양] 아이엠마더 3단계 800g 3캔,0.381288199341796,1.0,0.0,0.0,[남양] 아이엠마더 4단계 800g 3캔,[아이엠마더] 남양 아이엠마더 3단계 모성이 빛나는순간 800g x 3캔,남양 아이엠마더 1단계 2단계 3단계 4단계 800gx3캔,[매일유업] 뉴 앱솔루트 궁1단계 3캔/앱솔루트궁/유기농궁
54,[일동후디스] 일동 산양분유 2단계800gx3캔/최신(유통기한21년01월),0.5679360601786554,1.0,0.0,1.0,[일동후디스] 일동후디스 프리미엄 산양분유 1단계 800g x3캔,[압타밀] 압타밀 프로푸트라 세이프박스 프레 800g 6통,일동산양분유2단계 800g*3캔월-토요일오후6시까지 당일발송 혼합가능 뽁뽁이안전포장,일동산양분유1-3단계 800g*3캔월-토요일오후6시까지 당일발송 혼합가능 뽁뽁이안전포장
55,[베비언스] 액상분유 240ml x 30입 2/3단계,0.2059238363892807,1.0,0.0015321701787891539,0.0,메디푸드 엠씨티 오일 300ml/MCT OIL/엠시티,매일 앱솔루트 명작 3단계 4단계 800g x 3캔,에프엑스지 임페리얼드림 XO 3단계 2캔,남양분유 임페리얼드림XO 3단계 800G x2캔 큐에스지
56,남양 임페리얼드림 오가닉 분유 1~4단계 3캔,0.36154207804419375,1.0,5.3949654182716686e-05,0.0,[매일유업] 뉴 앱솔루트 궁1단계 3캔/앱솔루트궁/유기농궁,[남양] 아이엠마더1/2 /3 /4단계/당일발송(뽁뽁이 이중포장),[아이엠마더] 남양 아이엠마더 3단계 모성이 빛나는순간 800g x 3캔,남양 아이엠마더 1단계 2단계 3단계 4단계 800gx3캔
57,[매일유업] 매일유업 뉴 앱솔루트궁 4단계 3캔/유기농궁,0.32346027268453226,0.9,0.00018342882422123675,0.0,매일분유 앱솔루트궁 800g 1 2 3 4 단계 3캔 이중포장,앱솔루트 유기농궁 1단계 2단계 3단계 4단계 800g 유기농분유 아기분유 추천 매일분유 신생아분유 조제분유,[쿠폰할인] 앱솔루트 유기농 궁 1~4단계 800g*3,[매일유업] 앱솔루트 궁3단계 3캔/앱솔루트궁/유기농궁
58,일동후디스 프리미엄 산양분유 1234단계(800gX1캔),0.18429713211095441,0.9,0.00019421875505778007,1.0,일동후디스 산양분유 800g X 1캔 + 사은품 증정,노발락 AR 분유 800g,[퓨어락]뉴질랜드 프리미엄 분유 800g,인파트리니 1~5통듀오칼 네오케이트
59,[파스퇴르] 파스퇴르 무항생제 그랑노블 컴포트750g 1+1캔 1~3단계,0.06958157028678891,1.0,1.0789930836543337e-05,0.0,위드맘 토들러 액상 분유 3단계 240ml,매일유업 앱솔루트 명작 1 2 3 4단계 800g,[슈퍼마트] 매일 명작 스틱분유 모음전,앱솔루트명작 1단계 800g 1캔
60,[매일유업] 리뉴얼 분유 앱솔루트 명작 1단계 2단계 800g 1캔,0.09402914903620122,0.9,0.00018342882422123675,0.0,베비언스 액상분유 1단계 180ml,베비언스 액상분유,앱솔루트 현명한 엄마의 센서티브 분유 1단계,하이키드 프리미엄 밀크 초코 산양골드 x 1캔
61,{holle} 홀레 전단계 8통/12통 모음전,0.32346027268453226,1.0,6.473958501926002e-05,1.0,일루마 골든드롭 1~3단계 분유/유아식 900g 1통,트루맘프리미엄1. 2 .3 .4 단계3캔/기한21년1월이상,[베바] 옵티프로 분유/킨더밀쉬 3통 특가,[아이배냇] 아이배냇 순산양분유1/2/3/4단계 800g 3캔 산양유아식
62,남양유업 아기사랑수 어드밴스 1단계 750g 1캔,0.05124588622472967,0.9,0.0006042361268464269,0.0,[슈퍼마트] 매일 유기농궁 스틱분유 모음전,[파스퇴르] 파스퇴르 1급A멸균/바른목장우유190ml(24팩)/바나나,트루맘 프리미엄 액상분유 3단계 240ml,임페리얼XO 로얄 클래스 분유 1단계
63,아이엠마더 액상분유 1~3단계 24입 / 공식대리점,0.12552891396332866,0.9,0.0003992274409521035,0.0,남양유업 임페리얼XO 액상1단계(0~6개월)6X4개 / 니플4개,베비언스 액상분유 2단계 240ml,베비언스 액상분유 3단계 240ml,[매일유업] 2013 앱솔루트 유기농 궁 1단계 800g 1캔
64,[남양] 아이엠마더 4단계 800g 3캔,0.381288199341796,1.0,2.1579861673086674e-05,0.0,[남양] 아이엠마더 3단계 800g 3캔,[아이엠마더] 남양 아이엠마더 3단계 모성이 빛나는순간 800g x 3캔,남양 아이엠마더 1단계 2단계 3단계 4단계 800gx3캔,[매일유업] 뉴 앱솔루트 궁1단계 3캔/앱솔루트궁/유기농궁
65,[노발락] 노발락 1단계 2단계 AC AR IT 특별구성6.당일발송,0.13323930418429714,1.0,0.0005394965418271669,1.0,[아이배냇] 아이배냇 순산양분유 1단계 800g,[일동후디스] 일동산양분유1-3 월-토 오후6시당일발송,[일동후디스] 일동후디스 프리미엄 산양분유 1 2 3 단계(800g 1캔),일동후디스 프리미엄 산양분유 1~4단계 800g
66,[베비언스] 액상분유 180/240ml 24/20입 0~24개월,0.13540197461212977,0.9,0.005869722375079576,0.0,파스퇴르 올곧게 만든 위드맘 100일 분유 1단계,[일동후디스] 트루맘 액상분유 1/2/3단계 24입 니플4개 특가할인,앱솔루트 엄마가 만든 프리미엄 분유 4단계,아이엠마더 액상분유 1~3단계 24입 / 공식대리점
67,임페리얼XO 1/2/3/4단계/당일발송(뽁뽁이 이중포장),0.25575928537846737,0.9,0.0030319705650686778,0.0,[친절한기분] 남양 임페리얼 XO (3캔) 1/2/3/4/5(800gx3캔),남양유업 임페리얼XO 4단계3캔 분유,남양유업 임페리얼XO 3단계3캔 분유,임페리얼 드림 XO 3단계 4단계 3캔 (추가금 없음)
68,남양 아이엠마더 1단계 2단계 3단계 4단계 800gx3캔,0.37752703338034793,1.0,0.0001402691008750634,0.0,[아이엠마더] 남양 아이엠마더 3단계 모성이 빛나는순간 800g x 3캔,[남양] 아이엠마더 4단계 800g 3캔,[남양] 아이엠마더 3단계 800g 3캔,[매일유업] 뉴 앱솔루트 궁1단계 3캔/앱솔루트궁/유기농궁
69,[매일유업] 뉴 앱솔루트 궁1단계 3캔/앱솔루트궁/유기농궁,0.3681241184767278,1.0,2.1579861673086674e-05,0.0,남양 임페리얼드림 오가닉 분유 1~4단계 3캔,[아이엠마더] 남양 아이엠마더 3단계 모성이 빛나는순간 800g x 3캔,남양 아이엠마더 1단계 2단계 3단계 4단계 800gx3캔,[남양] 아이엠마더 4단계 800g 3캔
70,[아이배냇] 아이배냇 순산양분유 1단계 800g,0.14010343206393983,1.0,1.0789930836543337e-05,1.0,[노발락] 노발락 1단계 2단계 AC AR IT 특별구성6.당일발송,[일동후디스] 일동산양분유1-3 월-토 오후6시당일발송,[일동후디스] 일동후디스 프리미엄 산양분유 1 2 3 단계(800g 1캔),일동후디스 프리미엄 산양분유 1~4단계 800g
71,[아이배냇] 아이배냇 순산양분유1/2/3/4단계 800g 3캔 산양유아식,0.40855665256229434,1.0,0.0003452777867693868,1.0,[힙] 힙분유 HIPP 바이오 콤비오틱 비오 프레 1 2 3 단계 8,일동후디스 프리미엄 산양분유 1/2/3단계 400gX3캔,순산양분유 800g x 3캔 / 400gx6캔 특가[사은품 증정],{holle} 홀레 전단계 8통/12통 모음전
72,독일 내수용 홀레분유 프레/1단계/2단계/3단계/4단계,0.022566995768688293,1.0,4.315972334617335e-05,1.0,[일동후디스] 일동 초유밀/ 비오타민/ 헤모틴틴 정품1캔(당일발송),[힙] 힙분유 HIPP 바이오 콤비오틱 비오 프레 1 2 3 단계,[노발락] 노발락 1단계 2단계 AC AR IT 특별구성6.당일발송,[아이배냇] 아이배냇 순산양분유 1단계 800g
73,케오 남양 임페리얼 드림 XO 3단계 5캔,0.49459332393041844,1.0,0.0,0.0,아이엠마더1~2단계3캔/3.4단마이너스옵션/오후5시마감,[아이엠마더] 아이엠마더 엄마로 태어나다 2단계 800g 3캔,매일 앱솔루트 센서티브 1/2/3/4단계 900g x 3캔,매일 앱솔루트 센서티브 1/2/3/4단계 900g x 3캔
74,케오 남양 임페리얼드림 xo 3단계 1캔,0.11941701927597555,1.0,0.0,0.0,남양 아이엠마더 액상분유 1/2/3단계 24개입/공식판매,[매일유업] 앱솔루트센서티브 1/2/3단계 900g 1캔,남양유업 아기사랑수 1단계 750g 3캔,남양유업 아기사랑수 2단계 750g 3캔
75,[매일유업] 2013 앱솔루트 유기농 궁 1단계 800g 1캔,0.12035731076633756,0.9,0.00026974827091358344,0.0,베비언스 액상분유 2단계 240ml,베비언스 액상분유 3단계 240ml,남양유업 임페리얼XO 액상1단계(0~6개월)6X4개 / 니플4개,아이엠마더 액상분유 1~3단계 24입 / 공식대리점
76,[파스퇴르] 파스퇴르 1급A멸균/바른목장우유190ml(24팩)/바나나,0.055477197931358725,0.9,0.00011868923920197671,0.0,[슈퍼마트] 매일 유기농궁 스틱분유 모음전,남양유업 아기사랑수 어드밴스 1단계 750g 1캔,트루맘 프리미엄 액상분유 3단계 240ml,앱솔루트 프리미엄 명작 분유 2단계 400g
77,[위드맘] 파스퇴르 위드맘 분유 3단계 뉴 프리미엄 750g x 3캔,0.2670427832628115,1.0,0.0,0.0,[일동후디스] 하이키드 프리미엄 밀크 초코 산양골드 x 3캔,남양 임페리얼XO 분유 1~5단계 3캔,임페리얼XO 800g 1~5단계 3캔 /분유 안전이중포장,3+1행사 파스퇴르 위드맘 2단계 4캔/분유/공식대리점
78,남양 아이엠마더 액상분유 1/2/3단계 24개입/공식판매,0.12552891396332866,1.0,5.3949654182716686e-05,0.0,케오 남양 임페리얼드림 xo 3단계 1캔,[매일유업] 앱솔루트센서티브 1/2/3단계 900g 1캔,남양유업 아기사랑수 1단계 750g 3캔,남양유업 아기사랑수 2단계 750g 3캔
79,[임페리얼드림XO] 임페리얼XO 1단계/2단계/3단계/4단계 800g 1캔,0.07898448519040903,0.9,0.0019421875505778007,0.0,하이키드 프리미엄 밀크 초코 산양골드 x 1캔,임페리얼드림XO 애프터 포뮬러 분유 5단계,앱솔루트궁 유기농 스틱분유 3단계,베비언스 퍼스트밀 액상분유 2단계 240ml + 니플
80,[힙] 힙분유 HIPP 바이오 콤비오틱 비오 프레 1 2 3 단계 8,0.41701927597555244,1.0,3.236979250963001e-05,1.0,일동후디스 프리미엄 산양분유 1/2/3단계 400gX3캔,[아이배냇] 아이배냇 순산양분유1/2/3/4단계 800g 3캔 산양유아식,순산양분유 800g x 3캔 / 400gx6캔 특가[사은품 증정],{holle} 홀레 전단계 8통/12통 모음전
81,[아이엠마더] 남양 아이엠마더 3단계 모성이 빛나는순간 800g x 3캔,0.37752703338034793,1.0,4.315972334617335e-05,0.0,남양 아이엠마더 1단계 2단계 3단계 4단계 800gx3캔,[남양] 아이엠마더 4단계 800g 3캔,[남양] 아이엠마더 3단계 800g 3캔,[매일유업] 뉴 앱솔루트 궁1단계 3캔/앱솔루트궁/유기농궁
82,일루마 골든드롭 1~3단계 분유/유아식 900g 1통,0.25039962388340387,1.0,9.710937752889003e-05,1.0,[베바] 옵티프로 분유/킨더밀쉬 3통 특가,일동후디스 프리미엄 산양분유 1~4단계 800g,일동후디스 프리미엄 산양분유 3단계,[일동후디스] 일동후디스 프리미엄 산양분유 1 2 3 단계(800g 1캔)
83,[힙] 힙분유 HIPP 바이오 콤비오틱 비오 프레 1 2 3 단계,0.06817113305124588,1.0,1.0789930836543337e-05,1.0,[일동후디스] 일동 초유밀/ 비오타민/ 헤모틴틴 정품1캔(당일발송),독일 내수용 홀레분유 프레/1단계/2단계/3단계/4단계,[노발락] 노발락 1단계 2단계 AC AR IT 특별구성6.당일발송,[아이배냇] 아이배냇 순산양분유 1단계 800g
84,[앱솔루트궁] 매일 앱솔루트 유기농궁 1단계 800g 3캔,0.37141513869299486,0.9,6.473958501926002e-05,0.0,[매일유업] 뉴 앱솔루트 궁2단계 3캔/앱솔루트궁/유기농궁,아이엠마더 분유 모음전즉시할인 최저가!,남양유업 아이엠마더 3단계 800g 3캔,남양 아이엠마더 2.3.4단계 800g x3캔 에어캡안전포장
85,독일 압타밀 분유 프로푸트라 전단계 6통/당일출고,0.608838740009403,0.7000000000000001,0.0,1.0,[일동후디스] 일동후디스 산양분유 1~4단계 800g X 3캔/사은품 증정,[일동후디스] 일동산양분유800g(3캔) 1~4단계 당일발송함(추가금NO),(빠른직구) 압타밀 프로누트라 프레 6통 외,[일동후디스] 일동후디스 프리미엄 산양분유 1234단계(800gX3캔)
86,[일동후디스] 일동 초유밀/ 비오타민/ 헤모틴틴 정품1캔(당일발송),0.04842501175364363,1.0,0.002913281325866701,1.0,[힙] 힙분유 HIPP 바이오 콤비오틱 비오 프레 1 2 3 단계,독일 내수용 홀레분유 프레/1단계/2단계/3단계/4단계,[노발락] 노발락 1단계 2단계 AC AR IT 특별구성6.당일발송,[아이배냇] 아이배냇 순산양분유 1단계 800g
87,매일유업 앱솔루트궁 1/2/3/4단계 800g,0.32346027268453226,1.0,0.0005718663343367968,0.0,[슈퍼마트] 남양 분유 800g 3캔 모음전,앱솔루트 유기농 궁 1/2/3/4단(800g x 3캔),남양유업 임페리얼XO 800g 1단계 3캔 분유,남양 임페리얼XO Royal Class 1단계 2단계 800g x 3캔
88,[매일유업] 앱솔루트센서티브 1/2/3단계 900g 1캔,0.1593794076163611,1.0,0.00033448785593284344,0.0,남양유업 아기사랑수 2단계 750g 3캔,남양유업 아기사랑수 1단계 750g 3캔,메디푸드 엠씨티 오일 300ml/MCT OIL/엠시티,남양 아이엠마더 액상분유 1/2/3단계 24개입/공식판매
89,[일동후디스] 일동후디스 산양분유 1~4단계 800g X 3캔/사은품 증정,0.614010343206394,0.9,6.473958501926002e-05,1.0,[11%쿠폰가 120 100원]일동후디스 프리미엄 산양분유 1~4단계 800g 3캔,[일동]프리미엄 산양분유 1~3단계 800g 3캔(안심포장),[일동후디스] 일동산양분유800g(3캔) 1~4단계 당일발송함(추가금NO),(빠른직구) 압타밀 프로누트라 프레 6통 외
90,매일유업 앱솔루트 명작 1 2 3 4단계 800g,0.04137282557592854,1.0,0.0006689757118656869,0.0,위드맘 토들러 액상 분유 3단계 240ml,[슈퍼마트] 매일 명작 스틱분유 모음전,[파스퇴르] 파스퇴르 무항생제 그랑노블 컴포트750g 1+1캔 1~3단계,앱솔루트명작 1단계 800g 1캔
91,하이키드 프리미엄 밀크 초코 산양골드 x 1캔,0.08415608838740009,0.9,0.0004531770951348202,0.0,[임페리얼드림XO] 임페리얼XO 1단계/2단계/3단계/4단계 800g 1캔,앱솔루트궁 유기농 스틱분유 3단계,[매일유업] 리뉴얼 분유 앱솔루트 명작 1단계 2단계 800g 1캔,앱솔루트 현명한 엄마의 센서티브 분유 1단계
92,[남양] 남양 아기사랑 수 어드밴스 1~4단계 750g x 3캔,0.16408086506817116,0.9,0.04399054802058719,0.0,남양유업 아기사랑 수 어드밴스 분유 4단계,앱솔루트 센서티브 분유 1단계,[남양] 아기사랑 수 1~4단계 750g 3캔 (안심포장),베비언스 퍼스트밀 액상분유 3단계 240ml
93,앱솔루트 엄마가 만든 프리미엄 명작 분유 3단계,0.2215326751292901,0.9,0.21448224516880846,0.0,남양 임페리얼XO 1~4단계800g 3캔 안심포장,남양 아기사랑 秀S 1/2/3/4단계x3캔/분유/유아식,앱솔루트 프리미엄 명작 분유 1단계,3+1행사 파스퇴르 위드맘 2단계 4캔/분유/공식대리점
94,앱솔루트 프리미엄 명작 분유 1단계,0.27329572167371885,0.9,0.1341727899524164,0.0,앱솔루트 프리미엄 명작 분유 2단계,남양유업 임페리얼드림 XO 분유 3단계,앱솔루트 엄마가 만든 프리미엄 명작 분유 4단계,[매일]앱솔루트 명작1 2 3 4단계(800gX3캔)
95,앱솔루트 프리미엄 명작 분유 2단계,0.2769158439116126,0.9,0.11872160899448633,0.0,앱솔루트 프리미엄 명작 분유 1단계,남양유업 임페리얼드림 XO 분유 3단계,임페리얼XO 로얄 클래스 분유 1단계,앱솔루트 엄마가 만든 프리미엄 명작 분유 4단계
96,앱솔루트 엄마가 만든 프리미엄 명작 분유 4단계,0.22708039492242596,0.9,0.08561810118797138,0.0,남양유업 임페리얼드림 XO 분유 3단계,[매일]NEW 앱솔루트 명작 1~4단계 3캔 (안심포장),남양 임페리얼 XO 1~5단계 3캔 스틱.분유/사은품 증정,임페리얼XO 드림 World Class 분유 4단계
97,남양유업 임페리얼드림 XO 분유 3단계,0.2458862247296662,0.9,0.08384855253077828,0.0,앱솔루트 엄마가 만든 프리미엄 명작 분유 4단계,[매일]NEW 앱솔루트 명작 1~4단계 3캔 (안심포장),남양 임페리얼 XO 1~5단계 3캔 스틱.분유/사은품 증정,임페리얼XO 드림 World Class 분유 4단계
98,앱솔루트 엄마가 만든 프리미엄 명작 액상분유 2단계 240ml,0.12200282087447108,0.9,0.010692821459014448,0.0,앱솔루트 엄마가 만든 프리미엄 분유 4단계,파스퇴르 위드맘 무항생제 분유 3단계,일동후디스 산양 하이키드 골드,앱솔루트 자연의 선물 유기농 궁 분유 2단계 800g
99,앱솔루트 엄마가 만든 프리미엄 명작 액상분유 3단계 240ml + 니플 세트,0.04184297132110955,0.9,0.002978020910885961,0.0,앱솔루트 시작부터 바르게 본 분유 3단계 750g,트루맘 프리미엄 액상분유 1단계 180ml x 6p + 니플,트루맘 프리미엄 액상분유 3단계 240ml,임페리얼XO 로얄 클래스 분유 1단계
100,임페리얼XO 드림 World Class 분유 4단계,0.2458862247296662,0.9,0.04221020943255754,0.0,남양 임페리얼 XO 1~5단계 3캔 스틱.분유/사은품 증정,매일유업 앱솔루트 에이치에이 HA 400g,[남양] 남양 임페리얼XO 임페리얼 XO 3단계 4단계 800g 3캔,[앱솔루트명작] 매일 앱솔루트명작 분유 전단계 800g 3캔/이유식
101,앱솔루트 유기농 궁 분유 3단계,0.32346027268453226,0.9,0.037969766613796,0.0,앱솔루트 유기농 궁 분유 4단계,[쿠폰할인] 앱솔루트 유기농 궁 1~4단계 800g*3,남양유업 임페리얼 XO 로얄 클래스 분유 2단계,앱솔루트 유기농궁 1단계 2단계 3단계 4단계 800g 유기농분유 아기분유 추천 매일분유 신생아분유 조제분유
102,베비언스 퍼스트밀 액상분유 3단계 240ml,0.14804889515749883,0.9,0.062257900926855056,0.0,[남양] 남양 아기사랑 수 어드밴스 1~4단계 750g x 3캔,남양유업 아기사랑 수 어드밴스 분유 4단계,앱솔루트 센서티브 분유 1단계,[남양] 아기사랑 수 1~4단계 750g 3캔 (안심포장)
103,남양유업 임페리얼 XO 로얄 클래스 분유 2단계,0.2980724024447579,0.9,0.05147876002114826,0.0,임페리얼XO 로얄 클래스 분유 1단계,앱솔루트 유기농 궁 분유 3단계,파스퇴르 프리미엄 뉴위드맘 분유 1단계,남양 임페리얼 XO 1~5단계 3캔 스틱.분유/사은품 증정
104,파스퇴르 프리미엄 뉴위드맘 분유 1단계,0.2740949694405266,0.9,0.017209939684286624,0.0,파스퇴르 프리미엄 뉴위드맘 분유 2단계,파스퇴르 프리미엄 뉴위드맘 분유 3단계,[매일유업] 매일유업 앱솔루트 명작 1단계 800g 3캔,[쿠폰할인] 앱솔루트 프리미엄 명작 2단계 800*3
105,앱솔루트 엄마가 만든 프리미엄 명작 스틱형 분유 4단계,0.024024447578749414,0.9,0.010498602703956667,0.0,앱솔루트 현명한 엄마의 센서티브 스틱 분유 1단계,베비언스 액상분유 1단계 0-6개월 180ml,앱솔루트 프리미엄 명작 스틱분유 2단계,매일유업 앱솔루트 센서티브 2단계
106,임페리얼XO 로얄 클래스 분유 1단계,0.28805829807240246,0.9,0.0656567291403662,0.0,남양유업 임페리얼 XO 로얄 클래스 분유 2단계,남양 임페리얼 XO 1~5단계 3캔 스틱.분유/사은품 증정,앱솔루트 유기농 궁 분유 3단계,남양유업 임페리얼드림 XO 분유 3단계
107,일동후디스 프리미엄 산양분유 1단계,0.5773389750822755,0.9,0.05827641644817056,1.0,일동후디스 프리미엄 산양분유 2단계,[11%쿠폰가 120 100원]일동후디스 프리미엄 산양분유 1~4단계 800g 3캔,[일동후디스] 일동산양분유800g(3캔) 1~4단계 당일발송함(추가금NO),[일동]프리미엄 산양분유 1~3단계 800g 3캔(안심포장)
108,앱솔루트 자연의 선물 유기농 궁 분유 1단계,0.3728255759285379,0.9,0.04471347338663559,0.0,아이엠마더 분유 4단계,[파스퇴르] 무항생제 위드맘 1~3단계 3캔 (안심포장),위드맘 무항생제인증 분유 2단계,아이엠마더 분유 1단계
109,앱솔루트 자연의 선물 유기농 궁 분유 2단계 800g,0.12035731076633756,0.9,0.017641536917748356,0.0,앱솔루트 엄마가 만든 프리미엄 명작 액상분유 2단계 240ml,일동후디스 산양 하이키드 골드,파스퇴르 위드맘 무항생제 분유 3단계,앱솔루트 엄마가 만든 프리미엄 분유 4단계
110,앱솔루트 센서티브 분유 1단계,0.15613540197461215,0.9,0.03480831687868881,0.0,남양유업 아기사랑 수 어드밴스 분유 4단계,[남양] 남양 아기사랑 수 어드밴스 1~4단계 750g x 3캔,베비언스 액상분유 2단계 240ml,앱솔루트 센서티브 분유 2단계
111,위드맘 무항생제 분유 1단계,0.12176774800188057,0.9,0.035865730100670054,0.0,앱솔루트 자연의 선물 유기농 궁 분유 2단계 800g,앱솔루트 엄마가 만든 프리미엄 명작 액상분유 2단계 240ml,일동후디스 트루맘 프리미엄 액상분유 3단계 240ml,일동후디스 산양 하이키드 골드
112,일동후디스 초유밀플러스 스틱분유 1단계,0.06013164080865068,0.9,0.02169855091228865,0.0,앱솔루트 시작부터 바르게 본 분유 2단계,앱솔루트 프리미엄 명작 분유 2단계 400g,앱솔루트 유기농 궁 분유 4단계 400g,임페리얼XO 로얄 클래스 분유 1단계
113,파스퇴르 위드맘 그로우업 액상 2,0.16361071932299015,0.9,0.002880911533357071,0.0,남양 아기사랑 수 분유 1~4단계3캔+사은품,[남양] 남양 아기사랑 수 1~4단계 3캔 분유 / 사은품 증정,남양 아기사랑 수 어드밴스 1/2/3/4단계 3캔,남양유업 아기사랑수 3단계 750g 3캔
114,위드맘 무항생제인증 분유 2단계,0.36976962858486134,0.9,0.020285069972701474,0.0,앱솔루트 자연의 선물 유기농 궁 분유 2단계,남양 아이엠마더 분유 1~4 단계 3캔+사은품,아이엠마더 분유 모음전즉시할인 최저가!,아이엠마더 분유 4단계
115,베비언스 액상분유 2단계 240ml,0.14804889515749883,0.9,0.017468898024363664,0.0,앱솔루트 센서티브 분유 2단계,앱솔루트 현명한 엄마의 센서티브 분유 4단계 900g,앱솔루트 오리지널 본 분유 1단계,베비언스 산양 액상분유 1단계 0-6개월 180ml
116,일동후디스 트루맘 프리미엄 액상분유 3단계 240ml,0.10108133521391631,0.9,0.017566007401892552,0.0,베비언스 액상분유 1단계 180ml,앱솔루트 현명한 엄마의 센서티브 분유 1단계,베비언스 액상분유,파스퇴르 위드맘 스타트 액상 1
117,앱솔루트 프리미엄 명작 스틱분유 1단계,0.035025858015984956,0.9,0.007941389095695896,0.0,베비언스 퍼스트밀 액상분유 3단계 240ml + 니플,앱솔루트 프리미엄 명작 스틱분유 2단계,임페리얼XO 스틱분유 1단계,임페리얼XO 남양유업 임페리얼 XO 스틱분유 2단계
118,아이배냇 순 산양 유아식 3단계,0.3837329572167372,0.9,0.007552951585580336,1.0,아이배냇 순 산양 분유 2단계,아이배냇 순 산양 분유 1단계,아이배냇 순 산양 유아식 분유 4단계,순산양분유 800g x 3캔 / 400gx6캔 특가[사은품 증정]
119,앱솔루트 엄마가 만든 프리미엄 분유 4단계,0.12524682651622004,0.9,0.007240043591320579,0.0,앱솔루트 엄마가 만든 프리미엄 명작 액상분유 2단계 240ml,베비언스 액상분유 3단계 240ml,파스퇴르 올곧게 만든 위드맘 100일 분유 1단계,베비언스 액상분유 2단계 240ml
120,노발락 분유 1단계,0.13117066290550072,0.9,0.014070069810852511,1.0,노발락 분유 2단계,[노발락] 노발락 2단계 800g 공식판매정품 당일발송 novalac,일동후디스 프리미엄 산양분유 1/2/3단계 400g,트루맘 액상분유 3단계 24개 + 니플2개 (19년2/5)
121,트루맘 프리미엄 액상분유 3단계 240ml,0.047954866008462625,0.9,0.003420408075184238,0.0,임페리얼XO 로얄 클래스 분유 1단계,앱솔루트 프리미엄 명작 분유 2단계 400g,남양유업 아기사랑수 어드밴스 1단계 750g 1캔,[슈퍼마트] 매일 유기농궁 스틱분유 모음전
122,베비언스 액상분유 2단계 240ml + 니플 L,0.04137282557592854,0.9,0.009786467268744806,0.0,앱솔루트 시작부터 바르게 본 분유 3단계 750g,베비언스 퍼스트밀 액상분유 3단계 240ml + 니플,앱솔루트 프리미엄 명작 스틱분유 1단계,앱솔루트 엄마가 만든 프리미엄 명작 액상분유 3단계 240ml + 니플 세트
123,앱솔루트 유기농 궁 분유 4단계,0.32346027268453226,0.9,0.014350608012602638,0.0,[쿠폰할인] 앱솔루트 유기농 궁 1~4단계 800g*3,매일분유 앱솔루트궁 800g 1 2 3 4 단계 3캔 이중포장,앱솔루트 유기농궁 1단계 2단계 3단계 4단계 800g 유기농분유 아기분유 추천 매일분유 신생아분유 조제분유,[매일유업] 매일유업 뉴 앱솔루트궁 4단계 3캔/유기농궁
124,일동후디스 프리미엄 산양분유 2단계,0.5585331452750353,0.9,0.052946190614918155,1.0,일동후디스 프리미엄 산양분유 1단계,[일동후디스] 일동산양분유800g(3캔) 1~4단계 당일발송함(추가금NO),[11%쿠폰가 120 100원]일동후디스 프리미엄 산양분유 1~4단계 800g 3캔,(빠른직구) 압타밀 프로누트라 프레 6통 외
125,앱솔루트 프리미엄 명작 분유 2단계 400g,0.05002350728725905,0.9,0.0065710678794548925,0.0,임페리얼XO 로얄 클래스 분유 1단계,트루맘 프리미엄 액상분유 3단계 240ml,남양유업 아기사랑수 어드밴스 1단계 750g 1캔,[슈퍼마트] 매일 유기농궁 스틱분유 모음전
126,베비언스 액상분유 1단계 180ml,0.09793135872120358,0.9,0.007186093937137862,0.0,앱솔루트 현명한 엄마의 센서티브 분유 1단계,[매일유업] 리뉴얼 분유 앱솔루트 명작 1단계 2단계 800g 1캔,베비언스 액상분유,일동후디스 트루맘 프리미엄 액상분유 3단계 240ml
127,임페리얼드림XO 애프터 포뮬러 분유 5단계,0.07381288199341796,0.9,0.0041433334412326415,0.0,[홀레] ♥쿠폰필수공식수입 전라인,[임페리얼드림XO] 임페리얼XO 1단계/2단계/3단계/4단계 800g 1캔,앱솔루트궁 유기농 스틱분유 3단계,앱솔루트 유기농 궁 분유 4단계 400g
128,파스퇴르 올곧게 만든 위드맘 100일 분유 1단계,0.13117066290550072,0.9,0.003959904617011405,0.0,[베비언스] 액상분유 180/240ml 24/20입 0~24개월,[일동후디스] 트루맘 액상분유 1/2/3단계 24입 니플4개 특가할인,아이엠마더 액상분유 1~3단계 24입 / 공식대리점,앱솔루트 엄마가 만든 프리미엄 분유 4단계
129,파스퇴르 위드맘 스타트 액상 1,0.10926187118006582,0.9,0.002395364645712621,0.0,유기농궁4단계 800g 1캔,베비언스 액상분유,아이엠마더 액상분유 벨류팩 3단계 12~24개월,일동후디스 산양 하이키드 골드
130,임페리얼XO 로얄 클래스 분유 1단계,0.04809590973201693,0.9,0.004639670259713635,0.0,트루맘 프리미엄 액상분유 3단계 240ml,앱솔루트 프리미엄 명작 분유 2단계 400g,남양유업 아기사랑수 어드밴스 1단계 750g 1캔,앱솔루트 시작부터 바르게 본 분유 3단계 750g
131,앱솔루트 자연의 선물 유기농 궁 분유 2단계,0.3728255759285379,0.9,0.015440391027093516,0.0,위드맘 무항생제인증 분유 2단계,남양 아이엠마더 분유 1~4 단계 3캔+사은품,아이엠마더 분유 모음전즉시할인 최저가!,남양유업 아이엠마더 3단계 800g 3캔
132,파스퇴르 프리미엄 뉴위드맘 분유 2단계,0.267277856135402,0.9,0.01329319479062139,0.0,파스퇴르 프리미엄 뉴위드맘 분유 1단계,파스퇴르 프리미엄 뉴위드맘 분유 3단계,[남양] 남양 임페리얼XO 임페리얼 XO 3단계 4단계 800g 3캔,임페리얼XO 1/2/3/4단계/당일발송(뽁뽁이 이중포장)
133,앱솔루트 프리미엄 명작 스틱분유 2단계,0.03385049365303244,0.9,0.009516718997831223,0.0,앱솔루트 프리미엄 명작 스틱분유 1단계,임페리얼XO 스틱분유 1단계,베비언스 퍼스트밀 액상분유 3단계 240ml + 니플,임페리얼XO 남양유업 임페리얼 XO 스틱분유 2단계
134,트루맘 프리미엄 후레쉬 분유 3단계,0.2769158439116126,0.8,0.008135607850753675,1.0,일동후디스 트루맘 프리미엄 분유 1단계,인파트리니분유 400gx2캔/ 독일 밀루파/우체국택배,홀레 유기농 분유 2단계,일동후디스 산양분유 800g X 1캔 + 사은품 증정
135,앱솔루트 오리지널 본 분유 1단계,0.16408086506817116,0.9,0.015321701787891539,0.0,앱솔루트 센서티브 분유 2단계,파스퇴르 위드맘 그로우업 액상 2,앱솔루트 현명한 엄마의 센서티브 분유 4단계 900g,남양 아기사랑 수 분유 1~4단계3캔+사은품
136,베비언스 액상분유 1단계 0-6개월 180ml,0.02726845322049836,0.9,0.004197283095415358,0.0,매일유업 앱솔루트 센서티브 2단계,앱솔루트 현명한 엄마의 센서티브 스틱분유 3단계 스틱,앱솔루트 현명한 엄마의 센서티브 스틱 분유 1단계,트루맘 뉴클래스 퀸 S 스틱분유 3단계
137,남양유업 아기사랑수 3단계 750g 3캔,0.16408086506817116,0.9,0.0006581857810291435,0.0,남양 아기사랑 수 어드밴스 1/2/3/4단계 3캔,[남양] 남양 아기사랑 수 1~4단계 3캔 분유 / 사은품 증정,남양 아기사랑 수 분유 1~4단계3캔+사은품,파스퇴르 위드맘 그로우업 액상 2
138,일동후디스 산양 하이키드 골드,0.11706629055007052,0.9,0.007909019303186266,0.0,파스퇴르 위드맘 무항생제 분유 3단계,아이엠마더 액상분유 벨류팩 3단계 12~24개월,앱솔루트 엄마가 만든 프리미엄 명작 액상분유 2단계 240ml,베비언스 액상분유 3단계 240ml
139,앱솔루트 시작부터 바르게 본 분유 3단계 750g,0.04287729196050776,0.9,0.007196883867974406,0.0,베비언스 액상분유 2단계 240ml + 니플 L,앱솔루트 엄마가 만든 프리미엄 명작 액상분유 3단계 240ml + 니플 세트,임페리얼XO 로얄 클래스 분유 1단계,베비언스 퍼스트밀 액상분유 3단계 240ml + 니플
140,베비언스 퍼스트밀 액상분유 3단계 240ml + 니플,0.03667136812411848,0.9,0.008092448127407503,0.0,앱솔루트 프리미엄 명작 스틱분유 1단계,앱솔루트 프리미엄 명작 스틱분유 2단계,베비언스 액상분유 2단계 240ml + 니플 L,임페리얼XO 스틱분유 1단계
141,아이엠마더 액상분유 벨류팩 3단계 12~24개월,0.11753643629525153,0.9,0.005038897700665739,0.0,파스퇴르 위드맘 무항생제 분유 3단계,일동후디스 산양 하이키드 골드,[매일유업] 2013 앱솔루트 유기농 궁 1단계 800g 1캔,베비언스 액상분유 3단계 240ml
142,위드맘 토들러 액상 분유 3단계 240ml,0.044193700047014575,1.0,0.0010682031528177903,0.0,매일유업 앱솔루트 명작 1 2 3 4단계 800g,[슈퍼마트] 매일 명작 스틱분유 모음전,[파스퇴르] 파스퇴르 무항생제 그랑노블 컴포트750g 1+1캔 1~3단계,앱솔루트명작 1단계 800g 1캔
143,트루맘 프리미엄 액상분유 1단계 180ml x 6p + 니플,0.03667136812411848,0.9,0.0012084722536928538,0.0,트루맘 뉴클래스 퀸 S 스틱분유 3단계,앱솔루트 엄마가 만든 프리미엄 명작 액상분유 3단계 240ml + 니플 세트,베비언스 퍼스트밀 액상분유 3단계 240ml + 니플,앱솔루트 프리미엄 명작 스틱분유 1단계
144,남양유업 아이엠마더 1단계 800g 3캔,0.39915373765867423,0.9,0.0002050086858943234,0.0,남양유업 아이엠마더 2단계 800g 3캔,임페리얼드림 Organic 3 분유,남양 아이엠마더 분유 1~4 단계 3캔+사은품,남양유업 아이엠마더 3단계 800g 3캔
145,파스퇴르 프리미엄 뉴위드맘 분유 3단계,0.26140103432063944,0.9,0.006117890784320072,0.0,임페리얼XO 1/2/3/4단계/당일발송(뽁뽁이 이중포장),남양유업 임페리얼XO 4단계3캔 분유,남양유업 임페리얼XO 3단계3캔 분유,[친절한기분] 남양 임페리얼 XO (3캔) 1/2/3/4/5(800gx3캔)
146,퓨어락 뉴질랜드 청정 프리미엄 분유 1단계,0.1609779031499765,0.9,0.0025032639540780543,1.0,노발락 AR 분유 800g,일동후디스 프리미엄 산양분유 1234단계(800gX1캔),인파트리니 1~5통듀오칼 네오케이트,[퓨어락]뉴질랜드 프리미엄 분유 800g
147,앱솔루트 유기농 궁 분유 4단계 400g,0.06610249177244945,0.9,0.0028701216025205276,0.0,[홀레] ♥쿠폰필수공식수입 전라인,임페리얼드림XO 애프터 포뮬러 분유 5단계,[파스퇴르] 파스퇴르 1급A멸균/바른목장우유190ml(24팩)/바나나,[임페리얼드림XO] 임페리얼XO 1단계/2단계/3단계/4단계 800g 1캔
148,앱솔루트 시작부터 바르게 본 분유 2단계,0.04654442877291961,0.9,0.014512456975150788,0.0,베비언스 액상분유 2단계 240ml + 니플 L,앱솔루트 시작부터 바르게 본 분유 3단계 750g,앱솔루트 프리미엄 명작 분유 2단계 400g,임페리얼XO 로얄 클래스 분유 1단계
149,남양유업 아이엠마더 2단계 800g 3캔,0.3944522802068642,0.9,0.00021579861673086674,0.0,남양유업 아이엠마더 1단계 800g 3캔,남양 아이엠마더 분유 1~4 단계 3캔+사은품,남양유업 아이엠마더 3단계 800g 3캔,[매일유업] 뉴 앱솔루트 궁2단계 3캔/앱솔루트궁/유기농궁
150,매일유업 앱솔루트 에이치에이 HA 400g,0.22778561354019747,0.9,0.018418411937979478,0.0,[쿠폰할인] 앱솔루트 명작 1/2/3/4단계 800g*3,[위드맘] 파스퇴르 뉴 위드맘 분유 1단계 2단계 3단계 750gx3캔,[매일유업] 매일 앱솔루트명작 분유 3단계 800g 3캔,[매일유업] 매일 앱솔루트명작 분유 4단계 800g 3캔
151,아이배냇 순 산양 분유 1단계,0.3837329572167372,0.9,0.009786467268744806,1.0,아이배냇 순 산양 분유 2단계,아이배냇 순 산양 유아식 3단계,아이배냇 순 산양 유아식 분유 4단계,순산양분유 800g x 3캔 / 400gx6캔 특가[사은품 증정]
152,남양유업 임페리얼XO 4단계3캔 분유,0.2571697226140104,0.9,0.0012084722536928538,0.0,남양유업 임페리얼XO 3단계3캔 분유,임페리얼XO 1/2/3/4단계/당일발송(뽁뽁이 이중포장),임페리얼 드림 XO 3단계 4단계 3캔 (추가금 없음),[친절한기분] 남양 임페리얼 XO (3캔) 1/2/3/4/5(800gx3캔)
153,아이배냇 순 산양 분유 2단계,0.3837329572167372,0.9,0.008524045360869236,1.0,아이배냇 순 산양 유아식 3단계,아이배냇 순 산양 분유 1단계,아이배냇 순 산양 유아식 분유 4단계,순산양분유 800g x 3캔 / 400gx6캔 특가[사은품 증정]
154,베비언스 퍼스트밀 액상분유 2단계 240ml + 니플,0.07898448519040903,0.9,0.011372587101716677,0.0,앱솔루트궁 유기농 스틱분유 3단계,임페리얼드림XO 애프터 포뮬러 분유 5단계,[임페리얼드림XO] 임페리얼XO 1단계/2단계/3단계/4단계 800g 1캔,하이키드 프리미엄 밀크 초코 산양골드 x 1캔
155,앱솔루트 현명한 엄마의 센서티브 분유 1단계,0.09097320169252468,0.9,0.008610364807561582,0.0,베비언스 액상분유 1단계 180ml,[매일유업] 리뉴얼 분유 앱솔루트 명작 1단계 2단계 800g 1캔,하이키드 프리미엄 밀크 초코 산양골드 x 1캔,앱솔루트궁 유기농 스틱분유 3단계
156,아이배냇 순 산양 유아식 분유 4단계,0.3837329572167372,0.9,0.0033448785593284346,1.0,아이배냇 순 산양 유아식 3단계,아이배냇 순 산양 분유 2단계,아이배냇 순 산양 분유 1단계,순산양분유 800g x 3캔 / 400gx6캔 특가[사은품 증정]
157,남양유업 임페리얼드림 XO 스틱분유 3단계,0.03375646450399624,0.9,0.014318238220093009,0.0,임페리얼XO 남양유업 임페리얼 XO 스틱분유 2단계,임페리얼XO 스틱분유 1단계,앱솔루트 프리미엄 명작 스틱분유 2단계,앱솔루트 프리미엄 명작 스틱분유 1단계
158,남양유업 임페리얼XO 3단계3캔 분유,0.2571697226140104,0.9,0.000863194466923467,0.0,남양유업 임페리얼XO 4단계3캔 분유,임페리얼 드림 XO 3단계 4단계 3캔 (추가금 없음),임페리얼XO 1/2/3/4단계/당일발송(뽁뽁이 이중포장),[친절한기분] 남양 임페리얼 XO (3캔) 1/2/3/4/5(800gx3캔)
159,임페리얼XO 스틱분유 1단계,0.03385049365303244,0.9,0.012527109701226814,0.0,임페리얼XO 남양유업 임페리얼 XO 스틱분유 2단계,남양유업 임페리얼드림 XO 스틱분유 3단계,앱솔루트 프리미엄 명작 스틱분유 2단계,앱솔루트 프리미엄 명작 스틱분유 1단계
160,앱솔루트 현명한 엄마의 센서티브 스틱 분유 1단계,0.029431123648330983,0.9,0.006797656427022302,0.0,베비언스 액상분유 1단계 0-6개월 180ml,앱솔루트 현명한 엄마의 센서티브 스틱분유 3단계 스틱,매일유업 앱솔루트 센서티브 2단계,앱솔루트 프리미엄 명작 스틱분유 2단계
161,파스퇴르 위드맘 무항생제 분유 3단계,0.11833568406205924,0.9,0.0070134550437531695,0.0,일동후디스 산양 하이키드 골드,아이엠마더 액상분유 벨류팩 3단계 12~24개월,앱솔루트 엄마가 만든 프리미엄 명작 액상분유 2단계 240ml,베비언스 액상분유 3단계 240ml
162,일동후디스 프리미엄 산양분유 3단계,0.18899858956276447,1.0,0.019475825159960724,1.0,일동후디스 프리미엄 산양분유 1~4단계 800g,[일동후디스] 일동후디스 프리미엄 산양분유 1 2 3 단계(800g 1캔),[일동후디스] 일동산양분유1-3 월-토 오후6시당일발송,[아이배냇] 아이배냇 순산양분유 1단계 800g
163,홀레 유기농 분유 2단계,0.30413728255759287,0.9,0.008383776259994173,1.0,트루맘프리미엄1. 2 .3 .4 단계3캔/기한21년1월이상,인파트리니분유 400gx2캔/ 독일 밀루파/우체국택배,아이배냇 순 산양 분유 2단계,아이배냇 순 산양 유아식 3단계
164,파스퇴르 위드맘 스타트 액상분유 1단계 150ml,0.1664786083685943,0.8,0.0010142534986350737,0.0,메디푸드 엘디 (200ml 30캔),메디에프 스마일 150ml 24팩/메디푸드,[베비언스] 액상/산양액상,매일분유 앱솔루트명작 800 1 2 3 4 단계 3캔 2중포장
165,독일 압타밀 분유 1단계 800g x 6,0.41748942172073344,0.9,0.0010034635677985304,1.0,순산양분유 800g x 3캔 / 400gx6캔 특가[사은품 증정],뉴질랜드 프리미엄분유 뉴 퓨어락 800g 3캔,아이배냇 순 산양 유아식 분유 4단계,아이배냇 순 산양 유아식 3단계
166,노발락 분유 2단계,0.13117066290550072,0.9,0.01070361138985099,1.0,노발락 분유 1단계,[노발락] 노발락 2단계 800g 공식판매정품 당일발송 novalac,일동후디스 프리미엄 산양분유 1/2/3단계 400g,트루맘 액상분유 3단계 24개 + 니플2개 (19년2/5)
167,베비언스 액상분유 3단계 240ml,0.1225199811941702,0.9,0.0020932465822894072,0.0,베비언스 액상분유 2단계 240ml,남양유업 임페리얼XO 액상1단계(0~6개월)6X4개 / 니플4개,[매일유업] 2013 앱솔루트 유기농 궁 1단계 800g 1캔,아이엠마더 액상분유 1~3단계 24입 / 공식대리점
168,베비언스 산양 액상분유 3단계 240ml,0.17964268923366244,0.9,0.004553350813021289,0.0,베비언스 산양 액상분유 2단계 240ml,남양 아기사랑 수 분유 1~4단계3캔+사은품,[남양] 남양 아기사랑 수 1~4단계 3캔 분유 / 사은품 증정,남양 아기사랑 수 어드밴스 1/2/3/4단계 3캔
169,트루맘 뉴클래스 퀸 S 스틱분유 3단계,0.031405735778091214,0.9,0.0006689757118656869,0.0,앱솔루트 현명한 엄마의 센서티브 스틱분유 3단계 스틱,매일유업 앱솔루트 센서티브 2단계,트루맘 프리미엄 액상분유 1단계 180ml x 6p + 니플,베비언스 액상분유 1단계 0-6개월 180ml
170,앱솔루트 센서티브 분유 2단계,0.1600376116596145,0.9,0.014447717390131528,0.0,앱솔루트 오리지널 본 분유 1단계,앱솔루트 현명한 엄마의 센서티브 분유 4단계 900g,파스퇴르 위드맘 그로우업 액상 2,베비언스 산양 액상분유 1단계 0-6개월 180ml
171,남양유업 아기사랑수 1단계 750g 3캔,0.16408086506817116,1.0,0.0002050086858943234,0.0,남양유업 아기사랑수 2단계 750g 3캔,[매일유업] 앱솔루트센서티브 1/2/3단계 900g 1캔,메디푸드 엠씨티 오일 300ml/MCT OIL/엠시티,남양 아이엠마더 액상분유 1/2/3단계 24개입/공식판매
172,앱솔루트 현명한 엄마의 센서티브 분유 4단계 900g,0.15684062059238366,0.9,0.004359132057963508,0.0,베비언스 산양 액상분유 1단계 0-6개월 180ml,파스퇴르 위드맘 그로우업 액상 2,남양 아기사랑 수 분유 1~4단계3캔+사은품,[남양] 남양 아기사랑 수 1~4단계 3캔 분유 / 사은품 증정
173,파스퇴르 위드맘 그로우업 액상분유 2단계 240ml,0.25731076633756467,0.8,0.0007876649510676636,0.0,매일분유 앱솔루트명작 800 1 2 3 4 단계 3캔 2중포장,파스퇴르 뉴 위드맘 분유 1단계 2단계 3단계 750gx3캔,메디푸드 엘디 (200ml 30캔),파스퇴르 위드맘 스타트 액상분유 1단계 150ml
174,임페리얼XO 남양유업 임페리얼 XO 스틱분유 2단계,0.03385049365303244,0.9,0.012937127073015461,0.0,임페리얼XO 스틱분유 1단계,남양유업 임페리얼드림 XO 스틱분유 3단계,앱솔루트 프리미엄 명작 스틱분유 2단계,앱솔루트 프리미엄 명작 스틱분유 1단계
175,남양유업 임페리얼XO 800g 1단계 3캔 분유,0.3135872120357311,1.0,3.236979250963001e-05,0.0,앱솔루트 유기농 궁 1/2/3/4단(800g x 3캔),남양 임페리얼XO Royal Class 1단계 2단계 800g x 3캔,[일동후디스] 트루맘 프리미엄 3캔/1단계2단계3단계4단계/최신상품,매일유업 앱솔루트궁 1/2/3/4단계 800g
176,매일유업 앱솔루트 센서티브 2단계,0.02919605077574048,0.9,0.0019313976197412573,0.0,앱솔루트 현명한 엄마의 센서티브 스틱분유 3단계 스틱,트루맘 뉴클래스 퀸 S 스틱분유 3단계,베비언스 액상분유 1단계 0-6개월 180ml,앱솔루트 현명한 엄마의 센서티브 스틱 분유 1단계
177,아이엠마더 분유 4단계,0.381288199341796,0.9,0.036027579063218206,0.0,앱솔루트 자연의 선물 유기농 궁 분유 1단계,위드맘 무항생제인증 분유 2단계,아이엠마더 분유 1단계,앱솔루트 자연의 선물 유기농 궁 분유 2단계
178,남양유업 임페리얼XO 액상1단계(0~6개월)6X4개 / 니플4개,0.12458862247296663,0.9,0.00038843751011556014,0.0,아이엠마더 액상분유 1~3단계 24입 / 공식대리점,베비언스 액상분유 2단계 240ml,베비언스 액상분유 3단계 240ml,[매일유업] 2013 앱솔루트 유기농 궁 1단계 800g 1캔
179,남양유업 아기사랑수 2단계 750g 3캔,0.16408086506817116,1.0,0.00035606771760593014,0.0,남양유업 아기사랑수 1단계 750g 3캔,[매일유업] 앱솔루트센서티브 1/2/3단계 900g 1캔,메디푸드 엠씨티 오일 300ml/MCT OIL/엠시티,남양 아이엠마더 액상분유 1/2/3단계 24개입/공식판매
180,베비언스 액상분유 2단계 240ml,0.1225199811941702,0.9,0.0010142534986350737,0.0,베비언스 액상분유 3단계 240ml,남양유업 임페리얼XO 액상1단계(0~6개월)6X4개 / 니플4개,[매일유업] 2013 앱솔루트 유기농 궁 1단계 800g 1캔,아이엠마더 액상분유 1~3단계 24입 / 공식대리점
181,베비언스 산양 액상분유 2단계 240ml,0.192054536906441,0.9,0.004801519222261785,0.0,베비언스 산양 액상분유 3단계 240ml,[11%쿠폰] 베비언스 산양 액상분유 0~24개월 20입,[남양] 아이엠마더 컴포트케어 1~4단계 2캔,남양 아기사랑 수 분유 1~4단계3캔+사은품
182,일동후디스 트루맘 프리미엄 분유 1단계,0.29102021626704283,0.8,0.00035606771760593014,1.0,트루맘 프리미엄 후레쉬 분유 3단계,인파트리니분유 400gx2캔/ 독일 밀루파/우체국택배,홀레 유기농 분유 2단계,일동후디스 산양분유 800g X 1캔 + 사은품 증정
183,베비언스 산양 액상분유 1단계 0-6개월 180ml,0.15566525622943114,0.9,0.0028917014641936145,0.0,앱솔루트 현명한 엄마의 센서티브 분유 4단계 900g,파스퇴르 위드맘 그로우업 액상 2,남양 아기사랑 수 분유 1~4단계3캔+사은품,[남양] 남양 아기사랑 수 1~4단계 3캔 분유 / 사은품 증정
184,남양유업 아기사랑 수 어드밴스 분유 4단계,0.16408086506817116,0.9,0.04108805662555703,0.0,[남양] 남양 아기사랑 수 어드밴스 1~4단계 750g x 3캔,앱솔루트 센서티브 분유 1단계,[남양] 아기사랑 수 1~4단계 750g 3캔 (안심포장),[남양] 아기사랑수 800g X 3캔
185,앱솔루트 현명한 엄마의 센서티브 스틱분유 3단계 스틱,0.029431123648330983,0.9,0.002017717066433604,0.0,매일유업 앱솔루트 센서티브 2단계,트루맘 뉴클래스 퀸 S 스틱분유 3단계,베비언스 액상분유 1단계 0-6개월 180ml,앱솔루트 현명한 엄마의 센서티브 스틱 분유 1단계
186,남양유업 아이엠마더 3단계 800g 3캔,0.3756464503996239,0.9,0.0005502864726637102,0.0,[매일유업] 뉴 앱솔루트 궁2단계 3캔/앱솔루트궁/유기농궁,[앱솔루트궁] 매일 앱솔루트 유기농궁 1단계 800g 3캔,아이엠마더 분유 모음전즉시할인 최저가!,남양 아이엠마더 분유 1~4 단계 3캔+사은품
187,아이엠마더 분유 1단계,0.39915373765867423,0.9,0.04716278768653093,0.0,아이엠마더 분유 4단계,앱솔루트 자연의 선물 유기농 궁 분유 1단계,[파스퇴르] 무항생제 위드맘 1~3단계 3캔 (안심포장),위드맘 무항생제인증 분유 2단계
188,노발락 AR 분유 800g,0.16408086506817116,0.9,0.004823099083934872,1.0,퓨어락 뉴질랜드 청정 프리미엄 분유 1단계,일동후디스 프리미엄 산양분유 1234단계(800gX1캔),인파트리니 1~5통듀오칼 네오케이트,[퓨어락]뉴질랜드 프리미엄 분유 800g
189,임페리얼드림 Organic 3 분유,0.4151386929948284,0.9,0.001370321216241004,0.0,남양유업 아이엠마더 1단계 800g 3캔,남양유업 아이엠마더 2단계 800g 3캔,남양 아이엠마더 분유 1~4 단계 3캔+사은품,남양유업 아이엠마더 3단계 800g 3캔
190,앱솔루트궁 유기농 스틱분유 3단계,0.08039492242595205,0.9,0.007488212000561076,0.0,베비언스 퍼스트밀 액상분유 2단계 240ml + 니플,[임페리얼드림XO] 임페리얼XO 1단계/2단계/3단계/4단계 800g 1캔,임페리얼드림XO 애프터 포뮬러 분유 5단계,하이키드 프리미엄 밀크 초코 산양골드 x 1캔
191,남양 임페리얼XO 1~4단계800g 3캔 안심포장,0.24024447578749414,0.9199999999999999,0.22678276632246785,0.0,앱솔루트 엄마가 만든 프리미엄 명작 분유 3단계,3+1행사 파스퇴르 위드맘 2단계 4캔/분유/공식대리점,[파스퇴르] 프리미엄 위드맘 1~3단계 3캔(안심포장),[쿠폰가능]앱솔루트 명작 1/2/3/4단계(800g 3캔)
192,남양 아이엠마더 1~4단계 800g 3캔 (안심포장),0.3587212035731077,0.9199999999999999,0.06275423774533605,0.0,[매일]앱솔루트 유기농궁 1~4단계 3캔 (안심포장),[파스퇴르] 무항생제 위드맘 1~3단계 3캔 (안심포장),앱솔루트 자연의 선물 유기농 궁 분유 1단계,아이엠마더 분유 4단계
193,앱솔루트 유기농궁 1단계 2단계 3단계 4단계 800g 유기농분유 아기분유 추천 매일분유 신생아분유 조제분유,0.3225199811941702,0.9,0.00030211806342321344,0.0,매일분유 앱솔루트궁 800g 1 2 3 4 단계 3캔 이중포장,[매일유업] 매일유업 뉴 앱솔루트궁 4단계 3캔/유기농궁,[쿠폰할인] 앱솔루트 유기농 궁 1~4단계 800g*3,[매일유업] 앱솔루트 궁3단계 3캔/앱솔루트궁/유기농궁
194,독일 압타밀 프로푸트라 누트라 킨더밀쉬 HA,0.17724494593323933,0.9400000000000001,0.032056884515370254,1.0,[퓨어락]뉴질랜드 프리미엄 분유 800g,노발락 AR 분유 800g,독일 힙 콤비오틱 HIPP 홀레 분유 HOLLE,일동후디스 프리미엄 산양분유 1234단계(800gX1캔)
195,[일동]프리미엄 산양분유 1~3단계 800g 3캔(안심포장),0.5773389750822755,0.9199999999999999,0.006840816150368476,1.0,[11%쿠폰가 120 100원]일동후디스 프리미엄 산양분유 1~4단계 800g 3캔,[일동후디스] 일동산양분유800g(3캔) 1~4단계 당일발송함(추가금NO),일동산양분유1-3단계 800g*3캔월-토요일오후6시까지 당일발송 혼합가능 뽁뽁이안전포장,일동산양분유2단계 800g*3캔월-토요일오후6시까지 당일발송 혼합가능 뽁뽁이안전포장
196,[남양] 아이엠마더 컴포트케어 1~4단계 2캔,0.2063939821344617,0.9199999999999999,0.0006689757118656869,0.0,[11%쿠폰] 베비언스 산양 액상분유 0~24개월 20입,앱솔루트 명작 1단계 2단계 3단계 4단계 800g 아기분유 명작분유 프리미엄분유 신생아분유 고급분유,베비언스 산양 액상분유 2단계 240ml,[슈퍼마트]앱솔루트 명작모음전1~4단계 3캔 모음전
197,[11%쿠폰] 베비언스 킨더밀쉬 200ml 24입,0.17301363422661026,0.9199999999999999,0.016540963972420934,0.0,[남양] 아기사랑수 800g X 3캔,앱솔루트센서티브 1/2/3단계 900g 1캔,앱솔루트 본(本)1 2.3단계(750gx3캔),메디푸드 엘디 (200ml 30캔) 액상/엘디 포 (49g/98g)
198,매일분유 앱솔루트명작 800 1 2 3 4 단계 3캔 2중포장,0.23413258110014107,0.8,7.552951585580336e-05,0.0,파스퇴르 위드맘 그로우업 액상분유 2단계 240ml,메디푸드 엘디 (200ml 30캔),파스퇴르 뉴 위드맘 분유 1단계 2단계 3단계 750gx3캔,파스퇴르 위드맘 스타트 액상분유 1단계 150ml
199,[11%쿠폰] 베비언스 액상분유 2/3단계 25입 1단계 24입,0.16361071932299015,0.9400000000000001,0.3823196193312401,0.0,[쿠폰가능]앱솔루트 명작 1/2/3/4단계(800g 3캔),[파스퇴르] 프리미엄 위드맘 1~3단계 3캔(안심포장),남양 아기사랑 秀S 1/2/3/4단계x3캔/분유/유아식,남양 임페리얼XO 1~4단계800g 3캔 안심포장
200,[남양] 아기사랑 수 1~4단계 750g 3캔 (안심포장),0.16408086506817116,0.9199999999999999,0.0391134992824696,0.0,[남양] 아기사랑수 800g X 3캔,앱솔루트 본(本)1 2.3단계(750gx3캔),남양유업 아기사랑 수 어드밴스 분유 4단계,[남양] 남양 아기사랑 수 어드밴스 1~4단계 750g x 3캔
201,일동산양분유2단계 800g*3캔월-토요일오후6시까지 당일발송 혼합가능 뽁뽁이안전포장,0.5637047484720263,0.9400000000000001,0.00042080730262519014,1.0,일동산양분유1-3단계 800g*3캔월-토요일오후6시까지 당일발송 혼합가능 뽁뽁이안전포장,[일동]프리미엄 산양분유 1~3단계 800g 3캔(안심포장),[11%쿠폰가 120 100원]일동후디스 프리미엄 산양분유 1~4단계 800g 3캔,(빠른직구) 압타밀 프로누트라 프레 6통 외
202,[파스퇴르] 무항생제 위드맘 1~3단계 3캔 (안심포장),0.3756464503996239,0.9199999999999999,0.052395904142254444,0.0,남양 아이엠마더 1~4단계 800g 3캔 (안심포장),앱솔루트 자연의 선물 유기농 궁 분유 1단계,아이엠마더 분유 4단계,[매일]앱솔루트 유기농궁 1~4단계 3캔 (안심포장)
203,[파스퇴르] 프리미엄 위드맘 1~3단계 3캔(안심포장),0.2670427832628115,0.9199999999999999,0.3053118829508303,0.0,[쿠폰가능]앱솔루트 명작 1/2/3/4단계(800g 3캔),남양 임페리얼XO 1~4단계800g 3캔 안심포장,앱솔루트 엄마가 만든 프리미엄 명작 분유 3단계,[11%쿠폰] 베비언스 액상분유 2/3단계 25입 1단계 24입
204,남양 아이엠마더 액상분유 1/2/3단계 24팩/공식대리점,0.12599905970850966,0.96,0.018828429309768125,0.0,매일]특수분유_3캔모음 HA분유/소이분유/프리미/설사,헤모틴틴베이비(1gx60포)2캔/비타민/철분제,남양 아이엠마더 액상분유 1/2/3단계 24개입/공식판매,남양 아이엠마더 액상분유 1/2/3단계 24개입/공식판매
205,트루맘프리미엄1. 2 .3 .4 단계3캔/기한21년1월이상,0.28161730136342267,0.9400000000000001,0.02265885475674101,1.0,홀레 유기농 분유 2단계,[베바] 옵티프로 분유/킨더밀쉬 3통 특가,일루마 골든드롭 1~3단계 분유/유아식 900g 1통,{holle} 홀레 전단계 8통/12통 모음전
206,[매일]NEW 앱솔루트 명작 1~4단계 3캔 (안심포장),0.2360131640808651,0.9199999999999999,0.07123512338285912,0.0,남양유업 임페리얼드림 XO 분유 3단계,앱솔루트 엄마가 만든 프리미엄 명작 분유 4단계,남양 임페리얼 XO 1~5단계 3캔 스틱.분유/사은품 증정,임페리얼XO 드림 World Class 분유 4단계
207,일동산양분유1-3단계 800g*3캔월-토요일오후6시까지 당일발송 혼합가능 뽁뽁이안전포장,0.5637047484720263,0.9400000000000001,0.0018666580347219974,1.0,일동산양분유2단계 800g*3캔월-토요일오후6시까지 당일발송 혼합가능 뽁뽁이안전포장,[일동]프리미엄 산양분유 1~3단계 800g 3캔(안심포장),[11%쿠폰가 120 100원]일동후디스 프리미엄 산양분유 1~4단계 800g 3캔,[일동후디스] 일동산양분유800g(3캔) 1~4단계 당일발송함(추가금NO)
208,[남양] 아기사랑수 800g X 3캔,0.16408086506817116,0.9199999999999999,0.02780565176577218,0.0,앱솔루트 본(本)1 2.3단계(750gx3캔),[남양] 아기사랑 수 1~4단계 750g 3캔 (안심포장),[11%쿠폰] 베비언스 킨더밀쉬 200ml 24입,앱솔루트센서티브 1/2/3단계 900g 1캔
209,[쿠폰할인] 앱솔루트 명작 1/2/3/4단계 800g*3,0.23883403855195112,0.9,0.0046180903980405485,0.0,남양 임페리얼XO 분유 1~5단계 3캔,[매일유업] 매일 앱솔루트명작 분유 3단계 800g 3캔,[매일유업] 매일 앱솔루트명작 분유 4단계 800g 3캔,매일유업 앱솔루트 명작 1/2/3/4단계 800g
210,[쿠폰할인] 앱솔루트 유기농 궁 1~4단계 800g*3,0.32346027268453226,0.9,0.010034635677985303,0.0,앱솔루트 유기농 궁 분유 4단계,매일분유 앱솔루트궁 800g 1 2 3 4 단계 3캔 이중포장,앱솔루트 유기농궁 1단계 2단계 3단계 4단계 800g 유기농분유 아기분유 추천 매일분유 신생아분유 조제분유,[매일유업] 매일유업 뉴 앱솔루트궁 4단계 3캔/유기농궁
211,매일분유 앱솔루트궁 800g 1 2 3 4 단계 3캔 이중포장,0.32346027268453226,0.9,0.0002805382017501268,0.0,[매일유업] 매일유업 뉴 앱솔루트궁 4단계 3캔/유기농궁,앱솔루트 유기농궁 1단계 2단계 3단계 4단계 800g 유기농분유 아기분유 추천 매일분유 신생아분유 조제분유,[쿠폰할인] 앱솔루트 유기농 궁 1~4단계 800g*3,[매일유업] 앱솔루트 궁3단계 3캔/앱솔루트궁/유기농궁
212,앱솔루트 명작 1단계 2단계 3단계 4단계 800g 아기분유 명작분유 프리미엄분유 신생아분유 고급분유,0.1918194640338505,0.9400000000000001,3.236979250963001e-05,0.0,[11%쿠폰] 베비언스 산양 액상분유 0~24개월 20입,[남양] 아이엠마더 컴포트케어 1~4단계 2캔,[11%쿠폰] 베비언스 킨더밀쉬 200ml 24입,메디푸드 엘디 (200ml 30캔) 액상/엘디 포 (49g/98g)
213,[매일유업]앱솔루트 HA 400g[1캔]특수분유/공식판매점,0.07757404795486601,0.9199999999999999,0.01138337703255322,0.0,임페리얼XO 1단계2단계3단계4단계 800g 1캔,[슈퍼마트]매일궁분유400g모음매일 유기농궁 1/2/4단계,[슈퍼마트]아이배냇 순산양분유/순산양유아식 400g 모음,베비언스 퍼스트밀 액상분유 2단계 240ml + 니플
214,[쿠폰할인] 앱솔루트 프리미엄 명작 2단계 800*3,0.2764456981664316,0.9,0.0002913281325866701,0.0,[매일유업] 매일유업 앱솔루트 명작 1단계 800g 3캔,[매일유업] 매일유업 앱솔루트 명작 2단계 800g 3캔,[슈퍼마트]명작 2단계 800g *3캔,파스퇴르 프리미엄 뉴위드맘 분유 2단계
215,[남양] 유기농 산양분유 1~4단계 800g 2캔,0.26281147155618245,0.9199999999999999,0.0002805382017501268,0.0,[슈퍼마트]남양 인기분유 3캔 모음전임페리얼/아이엠마더/컴포트케어 외 ,[슈퍼마트]남양 임페리얼 분유 XO 800g *3캔,남양유업 임페리얼XO 3단계3캔 분유,남양유업 임페리얼XO 4단계3캔 분유
216,남양 명품유기농 엄마의작품 2/3/4단계 540g 3캔,0.22708039492242596,0.96,0.012073932606091995,0.0,남양 임페리얼XO 1단계 2단계 3단계 4단계 800g x3캔,[슈퍼마트]인기분유 3캔 모음전남양/매일/파스퇴르/일동분유BEST,[슈퍼마트]앱솔루트 명작모음전1~4단계 3캔 모음전,앱솔루트 명작 1단계 2단계 3단계 4단계 800g 아기분유 명작분유 프리미엄분유 신생아분유 고급분유
217,*당일출고/무료배송*일동 후디스 트루맘 프리미엄 1~4단계 800gx3캔,0.2764456981664316,0.0,0.0,1.0,*당일출고/무료배송*일동 후디스 트루맘 프리미엄 1~4단계 800gx3캔,[일루마] 골든드롭1~3단계 분유 900g 1통,[카브리타] 산양분유★퀄리고트 인증★,[압타밀] 독일내수용프로누트라/프로푸트라/킨더밀쉬
218,(11%쿠폰가 75 400원) 남양 아이엠마더1~4단계 3캔,0.3728255759285379,0.96,0.1078561486420872,0.0,[매일]앱솔루트 유기농궁 1~4단계 3캔 (안심포장),남양 아이엠마더 1~4단계 800g 3캔 (안심포장),[파스퇴르] 무항생제 위드맘 1~3단계 3캔 (안심포장),남양 아이엠마더 1/2/3/4단계 800g 뽁뽁이 이중포장
219,앱솔루트 본(本)1 2.3단계(750gx3캔),0.15843911612599906,0.9199999999999999,0.025820304491848207,0.0,[남양] 아기사랑수 800g X 3캔,[남양] 아기사랑 수 1~4단계 750g 3캔 (안심포장),앱솔루트센서티브 1/2/3단계 900g 1캔,[11%쿠폰] 베비언스 킨더밀쉬 200ml 24입
220,순산양분유 1~3단계 400g x 1캔 특가행사[6캔+사은품],0.06483309826046074,0.8800000000000001,0.009818837061254438,1.0,[슈퍼마트] 일동 분유 모음전,트루맘 액상분유 3단계 24개 + 니플2개 (19년2/5),[노발락] 노발락 2단계 800g 공식판매정품 당일발송 novalac,노발락 분유 2단계
221,[파스퇴르] 위드맘 산양분유 1~3단계 750G 3캔,0.36154207804419375,0.9199999999999999,0.0034959375910400413,0.0,[슈퍼마트]궁 4단계 800g *3캔,남양 아이엠마더 2.3.4단계 800g x3캔 에어캡안전포장,[슈퍼마트]앱솔루트 궁 단계별 3캔 모음전,[앱솔루트궁] 앱솔루트 유기농궁 전단계 800g 3캔/분유
222,남양 아이엠마더 1/2/3/4단계 800g 뽁뽁이 이중포장,0.3516690173953926,0.96,0.03968536561680639,0.0,[슈퍼마트]앱솔루트 궁 단계별 3캔 모음전,남양 아이엠마더 1~4단계 800g 3캔 (안심포장),남양 아이엠마더1~4단계 800g,[파스퇴르] 무항생제 위드맘 1~3단계 3캔 (안심포장)
223,매일 앱솔루트 센서티브 1/2/3/4단계 900g x 3캔,0.4828396803008933,0.9,0.00038843751011556014,0.0,매일 앱솔루트 센서티브 1/2/3/4단계 900g x 3캔,매일 앱솔루트 센서티브 1/2/3/4단계 900g x 3캔,[매일유업] 앱솔루트 센서티브 1/2/3/4단계 900g 3캔 6캔구성,임페리얼드림 Organic 3 분유
224,매일 앱솔루트 센서티브 1/2/3/4단계 900g x 3캔,0.4828396803008933,0.9,0.00038843751011556014,0.0,매일 앱솔루트 센서티브 1/2/3/4단계 900g x 3캔,매일 앱솔루트 센서티브 1/2/3/4단계 900g x 3캔,[매일유업] 앱솔루트 센서티브 1/2/3/4단계 900g 3캔 6캔구성,임페리얼드림 Organic 3 분유
225,매일 앱솔루트 센서티브 1/2/3/4단계 900g x 3캔,0.4828396803008933,0.9,0.00038843751011556014,0.0,매일 앱솔루트 센서티브 1/2/3/4단계 900g x 3캔,매일 앱솔루트 센서티브 1/2/3/4단계 900g x 3캔,[매일유업] 앱솔루트 센서티브 1/2/3/4단계 900g 3캔 6캔구성,임페리얼드림 Organic 3 분유
226,남양 아이엠마더 액상분유 1/2/3단계 24개입/공식판매,0.12599905970850966,0.9400000000000001,0.00019421875505778007,0.0,남양 아이엠마더 액상분유 1/2/3단계 24개입/공식판매,남양 아이엠마더 액상분유 1/2/3단계 24개입/공식판매,헤모틴틴베이비(1gx60포)2캔/비타민/철분제,매일]특수분유_3캔모음 HA분유/소이분유/프리미/설사
227,남양 아이엠마더 액상분유 1/2/3단계 24개입/공식판매,0.12599905970850966,0.9400000000000001,0.00019421875505778007,0.0,남양 아이엠마더 액상분유 1/2/3단계 24개입/공식판매,남양 아이엠마더 액상분유 1/2/3단계 24개입/공식판매,헤모틴틴베이비(1gx60포)2캔/비타민/철분제,매일]특수분유_3캔모음 HA분유/소이분유/프리미/설사
228,남양 아이엠마더 액상분유 1/2/3단계 24개입/공식판매,0.12599905970850966,0.9400000000000001,0.00019421875505778007,0.0,남양 아이엠마더 액상분유 1/2/3단계 24개입/공식판매,남양 아이엠마더 액상분유 1/2/3단계 24개입/공식판매,헤모틴틴베이비(1gx60포)2캔/비타민/철분제,매일]특수분유_3캔모음 HA분유/소이분유/프리미/설사
229,남양 임페리얼XO 1단계 2단계 3단계 4단계 800g x3캔,0.25528913963328637,0.9800000000000001,0.008416146052503803,0.0,임페리얼XO 800g 1~5단계 3캔 /분유 안전이중포장,3+1행사 파스퇴르 위드맘 2단계 4캔/분유/공식대리점,남양 임페리얼XO 분유 1~5단계 3캔,남양 임페리얼드림XO 3단계 800g 2캔 goantm870
230,[쿠폰가능]앱솔루트 명작 1/2/3/4단계(800g 3캔),0.23554301833568408,0.9400000000000001,0.3092070479828224,0.0,[파스퇴르] 프리미엄 위드맘 1~3단계 3캔(안심포장),남양 임페리얼XO 1~4단계800g 3캔 안심포장,[11%쿠폰] 베비언스 액상분유 2/3단계 25입 1단계 24입,앱솔루트 엄마가 만든 프리미엄 명작 분유 3단계
231,[11%쿠폰가 120 100원]일동후디스 프리미엄 산양분유 1~4단계 800g 3캔,0.5829807240244477,0.9199999999999999,0.017350208785161685,1.0,[일동]프리미엄 산양분유 1~3단계 800g 3캔(안심포장),[일동후디스] 일동산양분유800g(3캔) 1~4단계 당일발송함(추가금NO),일동산양분유1-3단계 800g*3캔월-토요일오후6시까지 당일발송 혼합가능 뽁뽁이안전포장,일동산양분유2단계 800g*3캔월-토요일오후6시까지 당일발송 혼합가능 뽁뽁이안전포장
232,헤모틴틴베이비(1gx60포)2캔/비타민/철분제,0.11659614480488951,0.9400000000000001,0.013562943061534974,0.0,남양 아이엠마더 액상분유 1/2/3단계 24개입/공식판매,남양 아이엠마더 액상분유 1/2/3단계 24개입/공식판매,남양 아이엠마더 액상분유 1/2/3단계 24개입/공식판매,[[이베이비샵]]남양 임페리얼XO1~4단계/800g/사은품
233,남양 액상분유 모음전,0.044193700047014575,0.8800000000000001,0.007477422069724533,0.0,앱솔루트 유기농궁1.2.3.4단계스틱(14gx20포)1팩,[남양/임페리얼] 분유 전라인,앱솔루트 시작부터 바르게 본 분유 3단계 750g,베비언스 액상분유 2단계 240ml + 니플 L
234,[남양] 임페리얼XO 유기농 오가닉 1~4단계 3캔,0.3370944992947814,0.9199999999999999,0.004769149429752155,0.0,[슈퍼마트]궁 4단계 800g *3캔,남양 아이엠마더1~4단계 800g,[매일유업] 앱솔루트 궁3단계 3캔/앱솔루트궁/유기농궁,[매일유업] 뉴 앱솔루트 궁3단계 3캔/앱솔루트궁/유기농궁
235,케오 남양 임페리얼드림 XO 3단계 2캔,0.24212505876821816,0.0,0.0,0.0,메디푸드 글루트롤 1.5 (200ml 30캔),[앱솔루트]유기농궁 / 명작1-4단계 800g*3캔,[앱솔루트]명작/궁 400g모음특가,앱솔루트 명작 3단계 4단계 800g 3개 아기분유 매일분유 명작분유 분유추천 프리미엄분유
236,[[이베이비샵]]남양 임페리얼XO1~4단계/800g/사은품,0.09826046074283028,0.9400000000000001,0.007909019303186266,0.0,헤모틴틴베이비(1gx60포)2캔/비타민/철분제,유기농궁 1단계 2단계 3단계 4단계 800g/400g 1캔,앱솔루트명작 1단계 800g 1캔,임페리얼XO 1단계2단계3단계4단계 800g 1캔
237,앱솔루트 유기농궁1.2.3.4단계스틱(14gx20포)1팩,0.052656323460272686,0.8800000000000001,0.002460104230731881,0.0,남양 액상분유 모음전,남양유업 아기사랑수 어드밴스 1단계 750g 1캔,[슈퍼마트] 매일 유기농궁 스틱분유 모음전,[파스퇴르] 파스퇴르 1급A멸균/바른목장우유190ml(24팩)/바나나
238,[11%쿠폰] 베비언스 산양 액상분유 0~24개월 20입,0.19652092148566058,0.9199999999999999,0.009387239827792703,0.0,[남양] 아이엠마더 컴포트케어 1~4단계 2캔,베비언스 산양 액상분유 2단계 240ml,앱솔루트 명작 1단계 2단계 3단계 4단계 800g 아기분유 명작분유 프리미엄분유 신생아분유 고급분유,[11%쿠폰] 베비언스 킨더밀쉬 200ml 24입
239,3+1행사 파스퇴르 위드맘 2단계 4캔/분유/공식대리점,0.2670427832628115,0.9800000000000001,0.17624273028409887,0.0,[매일]앱솔루트 명작1 2 3 4단계(800gX3캔),남양 임페리얼XO 1~4단계800g 3캔 안심포장,앱솔루트 프리미엄 명작 분유 1단계,앱솔루트 프리미엄 명작 분유 2단계
240,유기농궁 1단계 400g 1캔,0.0686412787964269,0.9400000000000001,0.003139869873434111,0.0,[슈퍼마트]매일궁분유400g모음매일 유기농궁 1/2/4단계,[슈퍼마트]아이배냇 순산양분유/순산양유아식 400g 모음,[매일유업]앱솔루트 HA 400g[1캔]특수분유/공식판매점,임페리얼XO 1단계2단계3단계4단계 800g 1캔
241,아이엠마더 3단계 800g 1캔,0.12082745651151856,0.86,3.236979250963001e-05,0.0,[슈퍼마트] 파스퇴르 무.항.생.제. 위드맘 3캔즉시할인가,[베비언스] 액상/산양액상,[매일유업] 2013 앱솔루트 유기농 궁 1단계 800g 1캔,베비언스 액상분유 2단계 240ml
242,파스퇴르 뉴 위드맘 분유 1단계 2단계 3단계 750gx3캔,0.22943112364833101,0.86,0.00035606771760593014,0.0,[위드맘] 파스퇴르 뉴 위드맘 분유 1단계 2단계 3단계 750gx3캔,[앱솔루트명작] 매일분유 앱솔루트명작 800 1 2 3 4 단계 3캔 2중포장,매일유업 앱솔루트 명작 1/2/3/4단계 800g,[매일유업] 매일 앱솔루트명작 분유 4단계 800g 3캔
243,[매일]앱솔루트 유기농궁 1~4단계 3캔 (안심포장),0.3544898918664786,0.9199999999999999,0.07146171193042652,0.0,남양 아이엠마더 1~4단계 800g 3캔 (안심포장),[파스퇴르] 무항생제 위드맘 1~3단계 3캔 (안심포장),앱솔루트 자연의 선물 유기농 궁 분유 1단계,아이엠마더 분유 4단계
244,[퓨어락]뉴질랜드 프리미엄 분유 800g,0.17771509167842034,0.9199999999999999,0.004941788323136849,1.0,일동후디스 프리미엄 산양분유 1234단계(800gX1캔),노발락 AR 분유 800g,퓨어락 뉴질랜드 청정 프리미엄 분유 1단계,일동후디스 산양분유 800g X 1캔 + 사은품 증정
245,헤모틴틴베이비 60포1캔/어린이비타민/철분제/초유밀,0.050775740479548664,0.9400000000000001,0.03546650265971795,0.0,유기농궁 1단계 400g 1캔,[매일유업]앱솔루트 HA 400g[1캔]특수분유/공식판매점,임페리얼XO 1단계2단계3단계4단계 800g 1캔,[슈퍼마트]아이배냇 순산양분유/순산양유아식 400g 모음
246,유기농궁 1단계 2단계 3단계 4단계 800g/400g 1캔,0.10954395862717442,0.9199999999999999,0.006420008847743286,0.0,파스퇴르 위드맘 스타트 액상 1,유기농궁4단계 800g 1캔,일동후디스 산양 하이키드 골드,아이엠마더 액상분유 벨류팩 3단계 12~24개월
247,[파스퇴르] 위드맘 산양분유 1단계 750gX3캔,0.37047484720263285,0.8800000000000001,5.3949654182716686e-05,0.0,[앱솔루트궁] 매일 앱솔루트 유기농궁 1단계 800g 3캔,아이엠마더 분유 모음전즉시할인 최저가!,[매일유업] 뉴 앱솔루트 궁2단계 3캔/앱솔루트궁/유기농궁,남양유업 아이엠마더 3단계 800g 3캔
248,[매일]앱솔루트 명작1 2 3 4단계(800gX3캔),0.24353549600376118,0.96,0.12530346680477777,0.0,3+1행사 파스퇴르 위드맘 2단계 4캔/분유/공식대리점,앱솔루트 프리미엄 명작 분유 1단계,[매일]NEW 앱솔루트 명작 1~4단계 3캔 (안심포장),앱솔루트 프리미엄 명작 분유 2단계
249,남양임페리얼XO1-4 평일오후6시토요일 오후2시마감,0.22049835448989188,0.96,1.0,0.0,[11%쿠폰] 베비언스 액상분유 2/3단계 25입 1단계 24입,[쿠폰가능]앱솔루트 명작 1/2/3/4단계(800g 3캔),[파스퇴르] 프리미엄 위드맘 1~3단계 3캔(안심포장),남양 임페리얼XO 1~4단계800g 3캔 안심포장
250,일동후디스 프리미엄 산양분유 1/2/3단계 400gX6캔,0.8547249647390691,0.8,6.473958501926002e-05,1.0,[네오게이트] 영국 네오케이트분유 400g 4캔 / 아미노산/특수분유 / 분유 알레르기,[일동후디스] 일동후디스 산양분유 1~4단계 800g X 3캔/사은품 증정,독일 압타밀 분유 프로푸트라 전단계 6통/당일출고,[11%쿠폰가 120 100원]일동후디스 프리미엄 산양분유 1~4단계 800g 3캔
251,앱솔루트명작 1단계 800g 1캔,0.08885754583921016,0.96,5.3949654182716686e-05,0.0,[[이베이비샵]]남양 임페리얼XO1~4단계/800g/사은품,유기농궁 1단계 400g 1캔,헤모틴틴베이비(1gx60포)2캔/비타민/철분제,남양 아이엠마더 액상분유 1/2/3단계 24팩/공식대리점
252,아이배냇 산양분유1~4단계 800*3캔 안전배송 꼼꼼한배송,0.4071462153267513,0.0,0.0,1.0,[압타밀/힙] 분유독일제조 독일내수용,독일 직배송 분유 압타밀 4캔/6캔,[압타밀] 독일내수용 프로누트라  킨더밀쉬♥,[일루마] 골든드롭1~3단계 분유 900g 1통
253,[네오게이트] 영국 네오케이트분유 400g 4캔 / 아미노산/특수분유 / 분유 알레르기,1.0,0.8800000000000001,0.0004315972334617335,1.0,일동후디스 프리미엄 산양분유 1/2/3단계 400gX6캔,[일동후디스] 일동후디스 산양분유 1~4단계 800g X 3캔/사은품 증정,[압타밀] 압타밀 프로푸트라 세이프박스 프레 800g 6통,[11%쿠폰가 120 100원]일동후디스 프리미엄 산양분유 1~4단계 800g 3캔
254,순산양분유 800g x 3캔 / 400gx6캔 특가[사은품 증정],0.4075693464974142,0.9199999999999999,0.007898229372349724,1.0,독일 압타밀 분유 1단계 800g x 6,아이배냇 순 산양 유아식 3단계,아이배냇 순 산양 분유 2단계,아이배냇 순 산양 분유 1단계
255,앱솔루트 명작 3단계 4단계 800g 3개 아기분유 매일분유 명작분유 분유추천 프리미엄분유,0.23413258110014107,0.0,0.0,0.0,[슈퍼마트]명작 3단계 800g *3캔,메디푸드 ORS 오알에스 수분보급젤리 100ml 40팩,[앱솔루트]유기농궁 / 명작1-4단계 800g*3캔,케오 남양 임페리얼드림 XO 3단계 2캔
256,트루맘 액상분유 3단계 24개 + 니플2개 (19년2/5),0.11189468735307946,0.9199999999999999,0.000798454881904207,1.0,[노발락] 노발락 2단계 800g 공식판매정품 당일발송 novalac,독일 힙 콤비오틱 HIPP 홀레 분유 HOLLE,노발락 분유 2단계,노발락 분유 1단계
257,메디푸드 엘디 (200ml 30캔) 액상/엘디 포 (49g/98g),0.16173013634226613,0.9199999999999999,0.00026974827091358344,0.0,앱솔루트센서티브 1/2/3단계 900g 1캔,[11%쿠폰] 베비언스 킨더밀쉬 200ml 24입,남양유업 아기사랑수 3단계 750g 3캔,남양 아기사랑 수 어드밴스 1/2/3/4단계 3캔
258,남양 아이엠마더1~4단계 800g,0.3356840620592384,0.9400000000000001,3.236979250963001e-05,0.0,[슈퍼마트]앱솔루트 궁 단계별 3캔 모음전,[남양] 임페리얼XO 유기농 오가닉 1~4단계 3캔,[슈퍼마트]궁 4단계 800g *3캔,[파스퇴르] 위드맘 산양분유 1~3단계 750G 3캔
259,메디에프 스마일 150ml 24팩/메디푸드,0.12599905970850966,0.8,2.1579861673086674e-05,0.0,파스퇴르 위드맘 스타트 액상분유 1단계 150ml,메디푸드 엘디 (200ml 30캔),아이엠마더 3단계 800g 1캔,[베비언스] 액상/산양액상
260,메디푸드 엘디 (200ml 30캔),0.18147625763986838,0.8,1.0789930836543337e-05,0.0,파스퇴르 위드맘 스타트 액상분유 1단계 150ml,매일분유 앱솔루트명작 800 1 2 3 4 단계 3캔 2중포장,메디에프 스마일 150ml 24팩/메디푸드,[베비언스] 액상/산양액상
261,메디푸드 모노웰 87g 10포,0.34931828866948755,0.8,1.0789930836543337e-05,0.0,[파스퇴르] 위드맘 산양분유 1단계 750gX3캔,파스퇴르 위드맘 그로우업 액상분유 2단계 240ml,[앱솔루트궁] 앱솔루트 유기농궁 전단계 800g 3캔/분유,[매일유업] 뉴 앱솔루트 궁3단계 3캔/앱솔루트궁/유기농궁
262,메디푸드 엠씨티 오일 300ml/MCT OIL/엠시티,0.18476727785613542,1.0,1.0789930836543337e-05,0.0,남양유업 아기사랑수 1단계 750g 3캔,남양유업 아기사랑수 2단계 750g 3캔,[베비언스] 액상분유 240ml x 30입 2/3단계,[매일유업] 앱솔루트센서티브 1/2/3단계 900g 1캔
263,서강 가당전지밀 파마산치즈 (1KgX12sack) /(관련어)전지밀 식자재 업소용식자재 대용량식자재(Oneworld2),0.490644099670898,0.0,0.0,0.0,[슈퍼마트]매일 앱솔루트 센서티브 3캔 모음전,메디푸드 RTH 알티에이치 글루트롤 500/피딩줄10개,메디푸드 RTH 알티에이치 엘디 500ml 20팩/피딩줄10개,서강 가당전지밀 파마산치즈 (1KgX12sack) 전지밀 식
264,서강 가당전지밀 파마산 (1KgX1sack) 전지밀 식자재 ,0.053737658674189004,0.0,0.0,0.0,헤모틴틴 베이비 60포 1캔,[슈퍼마트] 남양 분유 모음전 (스틱  액상 포함),[앱솔루트]명작 액상분유6입/24입,[남양] 액상분유 24입(임페리얼XO / 아이엠마더)
265,서강 가당전지밀 파마산치즈 (1KgX12sack) 전지밀 식,0.46572637517630466,0.0,0.0,0.0,[슈퍼마트]매일 앱솔루트 센서티브 2단계 900g*3캔,메디푸드 무스웰 밸런스 (100g) 1박스 50개,[슈퍼마트] 트루맘 슈퍼 프리미엄 퀸 3캔 모음전즉시할인,[슈퍼마트]매일 앱솔루트 센서티브 3캔 모음전
266,서강 가당전지밀 파마산 (1KgX1sack) 식자재 업소용식자재 대용량식자재,0.03582510578279267,0.0,0.0,0.0,[슈퍼마트] 매일 분유 모음전,[파스퇴르]위드맘 액상분유 6개입+니플1개증정,[트루맘] [후디스]분유 전라인,[슈퍼마트] 파스퇴르 무항.생제 위드맘 100일 캔/스틱
267,서강 가당전지밀 파마산치즈 (1KgX12sack),0.43935119887165025,0.0,0.0,0.0,[슈퍼마트] 트루맘 슈퍼 프리미엄 퀸 3캔 모음전즉시할인,압타밀/힙/노발락해외직배송,메디푸드 무스웰 밸런스 (100g) 1박스 50개,[슈퍼마트]매일 앱솔루트 센서티브 2단계 900g*3캔
268,메디푸드 무스웰 이온 (100g) 1박스 50개,0.40855665256229434,0.0,0.0,0.0,[슈퍼마트]아이배냇 순산양분유/순산양유아식 모음,압타밀/힙/노발락해외직배송,[남양유업]아이엠마더 분유 1~4단계 3캔,서강 가당전지밀 파마산치즈 (1KgX12sack)
269,메디푸드 무스웰 밸런스 (100g) 1박스 50개,0.460272684532205,0.0,0.0,0.0,[슈퍼마트]매일 앱솔루트 센서티브 2단계 900g*3캔,서강 가당전지밀 파마산치즈 (1KgX12sack) 전지밀 식,[슈퍼마트] 트루맘 슈퍼 프리미엄 퀸 3캔 모음전즉시할인,서강 가당전지밀 파마산치즈 (1KgX12sack)
270,메디푸드 모노웰 87g 10포,0.36107193229901274,0.0,0.0,0.0,[슈퍼마트]궁 3단계 800g *3캔,[남양유업]아이엠마더 분유 1~4단계 3캔,[노발락] 독일내수용해외직배송,[홀레] Holle Bio독일내수용Pre~4단계까지
271,메디푸드 글루트롤 1.5 (200ml 30캔),0.24400564174894218,0.0,0.0,0.0,케오 남양 임페리얼드림 XO 3단계 2캔,[앱솔루트]명작/궁 400g모음특가,[앱솔루트]유기농궁 / 명작1-4단계 800g*3캔,앱솔루트 명작 3단계 4단계 800g 3개 아기분유 매일분유 명작분유 분유추천 프리미엄분유
272,메디푸드 멀티칼 300g/캔,0.18523742360131643,0.0,0.0,0.0,[슈퍼마트] 노발락 AR,[★퓨어락] 뉴질랜드분유1캔/3캔,[슈퍼마트]남양 아이엠마더 컴포트케어 모음전,[코알라] 분유900g 1캔/3캔 특가
273,메디푸드 ORS 오알에스 수분보급젤리 100ml 40팩,0.23272214386459805,0.0,0.0,0.0,[슈퍼마트]명작 3단계 800g *3캔,앱솔루트 명작 3단계 4단계 800g 3개 아기분유 매일분유 명작분유 분유추천 프리미엄분유,[앱솔루트]유기농궁 / 명작1-4단계 800g*3캔,케오 남양 임페리얼드림 XO 3단계 2캔
274,메디푸드 RTH 알티에이치 엘디 500ml 20팩/피딩줄10개,0.5025858015984955,0.0,0.0,0.0,메디푸드 RTH 알티에이치 글루트롤 500/피딩줄10개,서강 가당전지밀 파마산치즈 (1KgX12sack) /(관련어)전지밀 식자재 업소용식자재 대용량식자재(Oneworld2),[슈퍼마트]매일 앱솔루트 센서티브 3캔 모음전,서강 가당전지밀 파마산치즈 (1KgX12sack) 전지밀 식
275,메디푸드 RTH 알티에이치 글루트롤 500/피딩줄10개,0.49553361542078045,0.0,0.0,0.0,서강 가당전지밀 파마산치즈 (1KgX12sack) /(관련어)전지밀 식자재 업소용식자재 대용량식자재(Oneworld2),[슈퍼마트]매일 앱솔루트 센서티브 3캔 모음전,메디푸드 RTH 알티에이치 엘디 500ml 20팩/피딩줄10개,서강 가당전지밀 파마산치즈 (1KgX12sack) 전지밀 식
276,메디에프 스마일 150ml 24팩/메디푸드,0.12031029619181947,0.0,0.0,0.0,임페리얼 유기농 분유 1개입,[위드맘] 액상분유 2 3단계 24입,[남양] 아이엠마더 액상분유 24팩,[노발락] 공식수입★분유/특수분유
277,초유 츄어블 탄산칼슘 캔디 씹어먹 어린이 유아 키즈/,0.2764456981664316,0.0,0.0,1.0,*당일출고/무료배송*일동 후디스 트루맘 프리미엄 1~4단계 800gx3캔,[일루마] 골든드롭1~3단계 분유 900g 1통,[카브리타] 산양분유★퀄리고트 인증★,[압타밀] 독일내수용프로누트라/프로푸트라/킨더밀쉬
278,남양 아기사랑 秀S 1/2/3/4단계x3캔/분유/유아식,0.16408086506817116,0.96,0.2139751184194909,0.0,앱솔루트 엄마가 만든 프리미엄 명작 분유 3단계,남양 임페리얼XO 1~4단계800g 3캔 안심포장,3+1행사 파스퇴르 위드맘 2단계 4캔/분유/공식대리점,[매일]앱솔루트 명작1 2 3 4단계(800gX3캔)
279,[쇼킹한 특가] 녹십자 노발락 프랑스 분유 1캔,0.11941701927597555,0.9199999999999999,0.14903052471433656,1.0,독일 압타밀 프로푸트라 누트라 킨더밀쉬 HA,노발락 분유 1단계,노발락 분유 2단계,독일 힙 콤비오틱 HIPP 홀레 분유 HOLLE
280,인파트리니분유 400gx2캔/ 독일 밀루파/우체국택배,0.3469675599435825,0.86,0.0002589583400770401,1.0,아이배냇 순 산양 유아식 분유 4단계,아이배냇 순 산양 유아식 3단계,아이배냇 순 산양 분유 2단계,아이배냇 순 산양 분유 1단계
281,독일 힙 콤비오틱 HIPP 홀레 분유 HOLLE,0.13258110014104374,0.9400000000000001,0.006560277948618349,1.0,트루맘 액상분유 3단계 24개 + 니플2개 (19년2/5),노발락 분유 2단계,노발락 분유 1단계,[노발락] 노발락 2단계 800g 공식판매정품 당일발송 novalac
282,일동후디스 프리미엄 산양분유 1/2/3단계 400g,0.13540197461212977,0.8800000000000001,7.552951585580336e-05,1.0,[노발락] 노발락 2단계 800g 공식판매정품 당일발송 novalac,노발락 분유 2단계,노발락 분유 1단계,퓨어락 뉴질랜드 청정 프리미엄 분유 1단계
283,일동후디스 프리미엄 산양분유 1/2/3단계 400gX3캔,0.42501175364362953,1.0,1.0789930836543337e-05,1.0,[힙] 힙분유 HIPP 바이오 콤비오틱 비오 프레 1 2 3 단계 8,[아이배냇] 아이배냇 순산양분유1/2/3/4단계 800g 3캔 산양유아식,순산양분유 800g x 3캔 / 400gx6캔 특가[사은품 증정],독일 압타밀 분유 1단계 800g x 6
284,일동후디스 프리미엄 산양분유 1~4단계 800g,0.1908791725434885,1.0,2.1579861673086674e-05,1.0,[일동후디스] 일동후디스 프리미엄 산양분유 1 2 3 단계(800g 1캔),[일동후디스] 일동산양분유1-3 월-토 오후6시당일발송,일동후디스 프리미엄 산양분유 3단계,[아이배냇] 아이배냇 순산양분유 1단계 800g
285,임페리얼XO 1단계2단계3단계4단계 800g 1캔,0.07898448519040903,0.9199999999999999,0.011847344058524584,0.0,[매일유업]앱솔루트 HA 400g[1캔]특수분유/공식판매점,[슈퍼마트]매일궁분유400g모음매일 유기농궁 1/2/4단계,[슈퍼마트]아이배냇 순산양분유/순산양유아식 400g 모음,베비언스 퍼스트밀 액상분유 2단계 240ml + 니플
286,매일]특수분유_3캔모음 HA분유/소이분유/프리미/설사,0.13258110014104374,0.96,0.016335955286526614,0.0,남양 아이엠마더 액상분유 1/2/3단계 24팩/공식대리점,헤모틴틴베이비(1gx60포)2캔/비타민/철분제,남양 아이엠마더 액상분유 1/2/3단계 24개입/공식판매,남양 아이엠마더 액상분유 1/2/3단계 24개입/공식판매
287,유기농궁4단계 800g 1캔,0.10907381288199341,0.9,0.0002050086858943234,0.0,파스퇴르 위드맘 스타트 액상 1,베비언스 액상분유,아이엠마더 액상분유 벨류팩 3단계 12~24개월,일동후디스 산양 하이키드 골드
288,앱솔루트센서티브 1/2/3단계 900g 1캔,0.1593794076163611,0.9199999999999999,0.00863194466923467,0.0,메디푸드 엘디 (200ml 30캔) 액상/엘디 포 (49g/98g),[11%쿠폰] 베비언스 킨더밀쉬 200ml 24입,앱솔루트 본(本)1 2.3단계(750gx3캔),[남양] 아기사랑수 800g X 3캔
289,베비언스 액상분유,0.10296191819464035,0.9,0.0005394965418271669,0.0,유기농궁4단계 800g 1캔,파스퇴르 위드맘 스타트 액상 1,베비언스 액상분유 1단계 180ml,[매일유업] 리뉴얼 분유 앱솔루트 명작 1단계 2단계 800g 1캔
290,[노발락] 공식수입★분유/특수분유,0.12646920545369067,0.0,0.0,0.0,[남양] 아이엠마더 액상분유 24팩,[슈퍼마트] 파스퇴르 무.항.생.제 위드맘 2단계즉시할인가 ,[슈퍼마트] 파스퇴르 무.항.생.제 위드맘 1단계즉시할인가 ,임페리얼 유기농 분유 1개입
291,[힙] 독일내수분유 모음,0.1452750352609309,0.0,0.0,1.0,[듀오칼] 특수분유 400g 1통,[압타밀]독일제조/내수용해외직배송,아이엠뉴질랜드 프로+조제분유,[압타밀] 독일내수용프로누트라/프로푸트라/킨더밀쉬
292,독일 직배송 분유 압타밀 4캔/6캔,0.37987776210625296,0.0,0.0,1.0,아이배냇 산양분유1~4단계 800*3캔 안전배송 꼼꼼한배송,[압타밀/힙] 분유독일제조 독일내수용,[압타밀] 독일내수용 프로누트라  킨더밀쉬♥,[일루마] 골든드롭1~3단계 분유 900g 1통
293,[슈퍼마트]앱솔루트 명작모음전1~4단계 3캔 모음전,0.23394452280206865,0.9199999999999999,0.012235781568640145,0.0,매일유업 앱솔루트 에이치에이 HA 400g,[슈퍼마트]남양 임페리얼 분유 XO 800g *3캔,[쿠폰할인] 앱솔루트 명작 1/2/3/4단계 800g*3,[슈퍼마트]남양 인기분유 3캔 모음전임페리얼/아이엠마더/컴포트케어 외 
294,압타밀/힙/노발락해외직배송,0.4231311706629055,0.0,0.0,0.0,메디푸드 무스웰 이온 (100g) 1박스 50개,서강 가당전지밀 파마산치즈 (1KgX12sack),[슈퍼마트] 트루맘 슈퍼 프리미엄 퀸 3캔 모음전즉시할인,[슈퍼마트]아이배냇 순산양분유/순산양유아식 모음
295,[압타밀]독일제조/내수용해외직배송,0.15091678420310298,0.0,0.0,1.0,[듀오칼] 특수분유 400g 1통,[힙] 독일내수분유 모음,아이엠뉴질랜드 프로+조제분유,[압타밀] 독일내수용프로누트라/프로푸트라/킨더밀쉬
296,[남양/임페리얼] 분유 전라인,0.029149036201222382,0.8800000000000001,0.0013919010779140904,0.0,남양 액상분유 모음전,매일유업 앱솔루트 센서티브 2단계,앱솔루트 현명한 엄마의 센서티브 스틱분유 3단계 스틱,트루맘 뉴클래스 퀸 S 스틱분유 3단계
297,[슈퍼마트] 매일 분유 모음전,0.03196991067230842,0.0,0.0,0.0,서강 가당전지밀 파마산 (1KgX1sack) 식자재 업소용식자재 대용량식자재,[매일/앱솔루트]분유 전라인400g/800g/스틱/특수분유,베비언스 산양액상분유/워터/스킨케어/세제류,[파스퇴르]위드맘 액상분유 6개입+니플1개증정
298,[퓨어락] 뉴질랜드 분유 1/3/6캔,0.16972261401034322,0.0,0.0,0.0,[퓨어락]분유 1~3단계 6캔/3캔/1캔,[코알라] 분유900g 1캔/3캔 특가,[슈퍼마트] 퓨어락 뉴질랜드 청정 프리미엄 분유 모음전,남양 아기사랑 수 750g 3캔
299,[슈퍼마트]남양 인기분유 3캔 모음전임페리얼/아이엠마더/컴포트케어 외 ,0.25575928537846737,0.9199999999999999,0.00808165819657096,0.0,[슈퍼마트]남양 임페리얼 분유 XO 800g *3캔,[남양] 유기농 산양분유 1~4단계 800g 2캔,[남양] 남양 임페리얼XO 임페리얼 XO 3단계 4단계 800g 3캔,임페리얼XO 1/2/3/4단계/당일발송(뽁뽁이 이중포장)
300,[슈퍼마트]남양 아기사랑 수 4단계 모음전 (750g X 3팩),0.14997649271274097,0.0,0.0,0.0,[슈퍼마트] 매일 앱솔루트 본 가루분유 단계별 모음전,[슈퍼마트]남양 아기사랑 수 4단계 모음전 (750g X 3팩),[슈퍼마트]남양 아기사랑 수 1단계 750g x 3팩,[위드맘] 산양분유1~3단계 
301,아이엠마더 분유 모음전즉시할인 최저가!,0.37141513869299486,0.9,0.0041433334412326415,0.0,[앱솔루트궁] 매일 앱솔루트 유기농궁 1단계 800g 3캔,[매일유업] 뉴 앱솔루트 궁2단계 3캔/앱솔루트궁/유기농궁,남양유업 아이엠마더 3단계 800g 3캔,남양 아이엠마더 2.3.4단계 800g x3캔 에어캡안전포장
302,[슈퍼마트] 파스퇴르 무.항.생.제. 위드맘 3캔즉시할인가,0.13164080865068173,0.8800000000000001,0.002373784784039534,0.0,파스퇴르 올곧게 만든 위드맘 100일 분유 1단계,[일동후디스] 트루맘 액상분유 1/2/3단계 24입 니플4개 특가할인,[베비언스] 액상분유 180/240ml 24/20입 0~24개월,아이엠마더 액상분유 1~3단계 24입 / 공식대리점
303,[슈퍼마트]남양 임페리얼 분유 XO 800g *3캔,0.25575928537846737,0.9199999999999999,0.011243107931678157,0.0,[슈퍼마트]남양 인기분유 3캔 모음전임페리얼/아이엠마더/컴포트케어 외 ,[남양] 유기농 산양분유 1~4단계 800g 2캔,[남양] 남양 임페리얼XO 임페리얼 XO 3단계 4단계 800g 3캔,파스퇴르 프리미엄 뉴위드맘 분유 3단계
304,[슈퍼마트]앱솔루트 궁 단계별 3캔 모음전,0.3544898918664786,0.9400000000000001,0.0036362066919151045,0.0,[슈퍼마트]궁 1단계 800g *3캔,남양 아이엠마더1~4단계 800g,[슈퍼마트]궁 4단계 800g *3캔,[파스퇴르] 위드맘 산양분유 1~3단계 750G 3캔
305,[파스퇴르] 위드맘 2단계 4캔,0.2670427832628115,0.0,0.0,0.0,[남양유업]임페리얼XO1~4단계 3캔,[앱솔루트]명작/궁 400g모음특가,메디푸드 글루트롤 1.5 (200ml 30캔),케오 남양 임페리얼드림 XO 3단계 2캔
306,[슈퍼마트]인기분유 3캔 모음전남양/매일/파스퇴르/일동분유BEST,0.25575928537846737,0.9400000000000001,0.0029888108417225044,0.0,[슈퍼마트]남양 인기분유 3캔 모음전임페리얼/아이엠마더/컴포트케어 외 ,[남양] 유기농 산양분유 1~4단계 800g 2캔,[슈퍼마트]남양 임페리얼 분유 XO 800g *3캔,[슈퍼마트]앱솔루트 명작모음전1~4단계 3캔 모음전
307,[슈퍼마트] 퓨어락 뉴질랜드 청정 프리미엄 분유 모음전,0.16558533145275037,0.0,0.0,0.0,남양 아기사랑 수 750g 3캔,[남양유업] 임페리얼XO  아이엠마더  아기사랑수 3캔특가,[퓨어락]분유 1~3단계 6캔/3캔/1캔,[퓨어락] 뉴질랜드 분유 1/3/6캔
308,[슈퍼마트] 파스퇴르 무항.생제 위드맘 100일 캔/스틱,0.04278326281147156,0.0,0.0,0.0,[슈퍼마트] 파스퇴르 무항.생제 위드맘 100일 캔/스틱,[파스퇴르]위드맘 액상분유 6개입+니플1개증정,일동후디스 트루맘액상분유 1~3단계 ,[앱솔루트]명작 액상분유6입/24입
309,[매일/앱솔루트]분유 전라인400g/800g/스틱/특수분유,0.02726845322049836,0.0,0.0,0.0,[매일/앱솔루트]분유 전라인400g/800g/스틱/특수분유,[슈퍼마트] 매일 분유 모음전,서강 가당전지밀 파마산 (1KgX1sack) 식자재 업소용식자재 대용량식자재,[파스퇴르]위드맘 액상분유 6개입+니플1개증정
310,베비언스 산양액상분유/워터/스킨케어/세제류,0.02726845322049836,0.0,0.0,0.0,[매일/앱솔루트]분유 전라인400g/800g/스틱/특수분유,[슈퍼마트] 매일 분유 모음전,서강 가당전지밀 파마산 (1KgX1sack) 식자재 업소용식자재 대용량식자재,[파스퇴르]위드맘 액상분유 6개입+니플1개증정
311,[슈퍼마트]궁 4단계 800g *3캔,0.3544898918664786,0.9199999999999999,6.473958501926002e-05,0.0,[파스퇴르] 위드맘 산양분유 1~3단계 750G 3캔,[남양] 임페리얼XO 유기농 오가닉 1~4단계 3캔,[앱솔루트궁] 앱솔루트 유기농궁 전단계 800g 3캔/분유,[슈퍼마트]앱솔루트 궁 단계별 3캔 모음전
312,[코알라] 분유900g 1캔/3캔 특가,0.17348377997179126,0.0,0.0,0.0,[퓨어락] 뉴질랜드 분유 1/3/6캔,[퓨어락]분유 1~3단계 6캔/3캔/1캔,[슈퍼마트] 노발락 AR,[슈퍼마트] 퓨어락 뉴질랜드 청정 프리미엄 분유 모음전
313,[노발락] 프랑스 분유 6종 3통 초특가!!,0.305124588622473,0.0,0.0,0.0,[트루맘] 프리미엄 1~4단계 800g 3캔,[슈퍼마트]트루맘 프리미엄 3캔 단계별 모음전,[파스퇴르] 위드맘 산양분유3캔 특가,[슈퍼마트]임페리얼분유 오가닉 모음전
314,[압타밀]독일내수용 6통모음,0.9092618711800659,0.0,0.0,1.0,[압타밀] 독일내수용 프로누트라  킨더밀쉬♥,[압타밀/힙] 분유독일제조 독일내수용,아이배냇 산양분유1~4단계 800*3캔 안전배송 꼼꼼한배송,독일 직배송 분유 압타밀 4캔/6캔
315,[슈퍼마트]일동후디스 산양분유 3캔 단계별 모음전,0.614010343206394,0.0,0.0,0.0,메디푸드 RTH 알티에이치 엘디 500ml 20팩/피딩줄10개,메디푸드 RTH 알티에이치 글루트롤 500/피딩줄10개,서강 가당전지밀 파마산치즈 (1KgX12sack) /(관련어)전지밀 식자재 업소용식자재 대용량식자재(Oneworld2),[슈퍼마트]매일 앱솔루트 센서티브 3캔 모음전
316,[남양] 액상분유 24입(임페리얼XO / 아이엠마더),0.06017865538316879,0.0,0.0,0.0,[위드맘]스틱분유1/2/3단계20봉/40봉★,[베비언스]분유 전라인 ,[무료배송] 베비언스 산양액상분유,[슈퍼마트] 남양 아이엠마더 스틱분유 모음전
317,[파스퇴르] 위드맘 산양분유3캔 특가,0.32346027268453226,0.0,0.0,0.0,[슈퍼마트]임페리얼분유 오가닉 모음전,[홀레] Holle Bio독일내수용Pre~4단계까지,[노발락] 독일내수용해외직배송,[노발락] 프랑스 분유 6종 3통 초특가!!
318,[퓨어락]분유 1~3단계 6캔/3캔/1캔,0.16972261401034322,0.0,0.0,0.0,[퓨어락]분유 1~3단계 6캔/3캔/1캔,[코알라] 분유900g 1캔/3캔 특가,[슈퍼마트] 퓨어락 뉴질랜드 청정 프리미엄 분유 모음전,남양 아기사랑 수 750g 3캔
319,[파스퇴르]위드맘 액상분유 6개입+니플1개증정,0.04137282557592854,0.0,0.0,0.0,[트루맘] [후디스]분유 전라인,[슈퍼마트] 파스퇴르 무항.생제 위드맘 100일 캔/스틱,일동후디스 트루맘액상분유 1~3단계 ,서강 가당전지밀 파마산 (1KgX1sack) 식자재 업소용식자재 대용량식자재
320,[슈퍼마트]궁 3단계 800g *3캔,0.3544898918664786,0.0,0.0,0.0,메디푸드 모노웰 87g 10포,[노발락] 독일내수용해외직배송,[홀레] Holle Bio독일내수용Pre~4단계까지,[슈퍼마트]임페리얼분유 오가닉 모음전
321,[슈퍼마트] 남양 유기농 산양분유 800g 모음,0.21579689703808183,0.0,0.0,0.0,[베비언스] 액상분유 대용량1~3단계 특가,[슈퍼마트]일동후디스 산양분유 1캔 단계별 모음전,메디푸드 ORS 오알에스 수분보급젤리 100ml 40팩,[슈퍼마트]명작 3단계 800g *3캔
322,[슈퍼마트]아이배냇 순산양분유/순산양유아식 모음,0.39708509637987777,0.0,0.0,0.0,메디푸드 무스웰 이온 (100g) 1박스 50개,[남양유업]아이엠마더 분유 1~4단계 3캔,압타밀/힙/노발락해외직배송,메디푸드 모노웰 87g 10포
323,[압타밀] 독일내수용 프로누트라  킨더밀쉬♥,0.4438175834508698,0.0,0.0,1.0,[압타밀/힙] 분유독일제조 독일내수용,아이배냇 산양분유1~4단계 800*3캔 안전배송 꼼꼼한배송,독일 직배송 분유 압타밀 4캔/6캔,[일루마] 골든드롭1~3단계 분유 900g 1통
324,[압타밀/힙] 분유독일제조 독일내수용,0.4231311706629055,0.0,0.0,1.0,아이배냇 산양분유1~4단계 800*3캔 안전배송 꼼꼼한배송,[압타밀] 독일내수용 프로누트라  킨더밀쉬♥,독일 직배송 분유 압타밀 4캔/6캔,[일루마] 골든드롭1~3단계 분유 900g 1통
325,[슈퍼마트]일동후디스 산양분유 1캔 단계별 모음전,0.20126939351198875,0.0,0.0,0.0,[베비언스] 액상분유 대용량1~3단계 특가,[슈퍼마트]남양 아이엠마더 컴포트케어 모음전,[★퓨어락] 뉴질랜드분유1캔/3캔,[슈퍼마트] 남양 유기농 산양분유 800g 모음
326,[슈퍼마트]트루맘 프리미엄 3캔 단계별 모음전,0.305124588622473,0.0,0.0,0.0,[트루맘] 프리미엄 1~4단계 800g 3캔,[슈퍼마트]트루맘 프리미엄 3캔 단계별 모음전,[파스퇴르] 위드맘 산양분유3캔 특가,[슈퍼마트]임페리얼분유 오가닉 모음전
327,[슈퍼마트] 매일 앱솔루트 본 가루분유 단계별 모음전,0.14997649271274097,0.0,0.0,0.0,[슈퍼마트] 매일 앱솔루트 본 가루분유 단계별 모음전,[슈퍼마트]남양 아기사랑 수 4단계 모음전 (750g X 3팩),[슈퍼마트]남양 아기사랑 수 1단계 750g x 3팩,[위드맘] 산양분유1~3단계 
328,[슈퍼마트]매일 앱솔루트 센서티브 3캔 모음전,0.4904560413728256,0.0,0.0,0.0,서강 가당전지밀 파마산치즈 (1KgX12sack) /(관련어)전지밀 식자재 업소용식자재 대용량식자재(Oneworld2),메디푸드 RTH 알티에이치 글루트롤 500/피딩줄10개,메디푸드 RTH 알티에이치 엘디 500ml 20팩/피딩줄10개,서강 가당전지밀 파마산치즈 (1KgX12sack) 전지밀 식
329,[슈퍼마트] 남양 분유 800g 3캔 모음전,0.3285378467324871,1.0,0.0002589583400770401,0.0,매일유업 앱솔루트궁 1/2/3/4단계 800g,앱솔루트 유기농 궁 1/2/3/4단(800g x 3캔),남양유업 임페리얼XO 800g 1단계 3캔 분유,남양 임페리얼XO Royal Class 1단계 2단계 800g x 3캔
330,[슈퍼마트] 아이엠뉴질랜드 분유/베이비 요거트 모음,0.01316408086506817,0.0,0.0,1.0,[힙] 독일내수분유 모음,[듀오칼] 특수분유 400g 1통,[압타밀]독일제조/내수용해외직배송,아이엠뉴질랜드 프로+조제분유
331,[슈퍼마트] 매일 유기농궁 스틱분유 모음전,0.05199811941701928,0.9,0.00012947917003852005,0.0,남양유업 아기사랑수 어드밴스 1단계 750g 1캔,[파스퇴르] 파스퇴르 1급A멸균/바른목장우유190ml(24팩)/바나나,트루맘 프리미엄 액상분유 3단계 240ml,임페리얼XO 로얄 클래스 분유 1단계
332,[베비언스]액상분유/니플 모음전 ,0.10672308415608839,0.0,0.0,0.0,[위드맘] 액상분유 2 3단계 24입,메디에프 스마일 150ml 24팩/메디푸드,임페리얼 유기농 분유 1개입,[슈퍼마트]트루맘 프리미엄 2단계 800g 즉시할인가
333,[남양유업]임페리얼XO1~4단계 3캔,0.2571697226140104,0.0,0.0,0.0,[앱솔루트]명작/궁 400g모음특가,[파스퇴르] 위드맘 2단계 4캔,메디푸드 글루트롤 1.5 (200ml 30캔),케오 남양 임페리얼드림 XO 3단계 2캔
334,[앱솔루트]유기농궁 / 명작1-4단계 800g*3캔,0.23930418429713213,0.0,0.0,0.0,케오 남양 임페리얼드림 XO 3단계 2캔,메디푸드 글루트롤 1.5 (200ml 30캔),앱솔루트 명작 3단계 4단계 800g 3개 아기분유 매일분유 명작분유 분유추천 프리미엄분유,[슈퍼마트]명작 3단계 800g *3캔
335,[슈퍼마트]파스퇴르 위드맘 단계별 3캔 모음,0.29243065350258585,0.9,0.0028377518100108977,0.0,[슈퍼마트]명작 2단계 800g *3캔,[매일유업] 매일유업 앱솔루트 명작 1단계 800g 3캔,[쿠폰할인] 앱솔루트 프리미엄 명작 2단계 800*3,[매일유업] 매일유업 앱솔루트 명작 2단계 800g 3캔
336,[베비언스] 액상분유 대용량1~3단계 특가,0.20874471086036672,0.0,0.0,0.0,[슈퍼마트] 남양 유기농 산양분유 800g 모음,[슈퍼마트]일동후디스 산양분유 1캔 단계별 모음전,[슈퍼마트]남양 아이엠마더 컴포트케어 모음전,[★퓨어락] 뉴질랜드분유1캔/3캔
337,[카브리타] 산양분유★퀄리고트 인증★,0.23460272684532207,0.0,0.0,1.0,[압타밀] 독일내수용프로누트라/프로푸트라/킨더밀쉬,*당일출고/무료배송*일동 후디스 트루맘 프리미엄 1~4단계 800gx3캔,초유 츄어블 탄산칼슘 캔디 씹어먹 어린이 유아 키즈/,[일루마] 골든드롭1~3단계 분유 900g 1통
338,[트루맘] 프리미엄 1~4단계 800g 3캔,0.305124588622473,0.0,0.0,0.0,[트루맘] 프리미엄 1~4단계 800g 3캔,[슈퍼마트]트루맘 프리미엄 3캔 단계별 모음전,[파스퇴르] 위드맘 산양분유3캔 특가,[슈퍼마트]임페리얼분유 오가닉 모음전
339,[남양유업]아이엠마더 분유 1~4단계 3캔,0.381288199341796,0.0,0.0,0.0,[슈퍼마트]아이배냇 순산양분유/순산양유아식 모음,메디푸드 모노웰 87g 10포,[슈퍼마트]궁 3단계 800g *3캔,메디푸드 무스웰 이온 (100g) 1박스 50개
340,[슈퍼마트]명작 3단계 800g *3캔,0.23394452280206865,0.0,0.0,0.0,앱솔루트 명작 3단계 4단계 800g 3개 아기분유 매일분유 명작분유 분유추천 프리미엄분유,메디푸드 ORS 오알에스 수분보급젤리 100ml 40팩,[앱솔루트]유기농궁 / 명작1-4단계 800g*3캔,케오 남양 임페리얼드림 XO 3단계 2캔
341,[슈퍼마트] 홀레 유기농 분유 모음전,0.06958157028678891,0.0,0.0,0.0,[Holle]★공식★홀레 유기농 분유,[슈퍼마트] 남양 아이엠마더 스틱분유 모음전,[베비언스]분유 전라인 ,[무료배송] 베비언스 산양액상분유
342,[슈퍼마트] 남양 분유 모음전 (스틱  액상 포함),0.04894217207334274,0.0,0.0,0.0,[앱솔루트]명작 액상분유6입/24입,헤모틴틴 베이비 60포 1캔,일동후디스 트루맘액상분유 1~3단계 ,서강 가당전지밀 파마산 (1KgX1sack) 전지밀 식자재 
343,[슈퍼마트]임페리얼분유 오가닉 모음전,0.3285378467324871,0.0,0.0,0.0,[홀레] Holle Bio독일내수용Pre~4단계까지,[노발락] 독일내수용해외직배송,[파스퇴르] 위드맘 산양분유3캔 특가,[트루맘] 프리미엄 1~4단계 800g 3캔
344,[슈퍼마트] 일동 분유 모음전,0.0456041372825576,0.8800000000000001,0.0004531770951348202,1.0,순산양분유 1~3단계 400g x 1캔 특가행사[6캔+사은품],트루맘 액상분유 3단계 24개 + 니플2개 (19년2/5),[노발락] 노발락 2단계 800g 공식판매정품 당일발송 novalac,노발락 분유 2단계
345,[남양유업] 임페리얼XO  아이엠마더  아기사랑수 3캔특가,0.16408086506817116,0.0,0.0,0.0,[남양유업] 임페리얼XO  아이엠마더  아기사랑수 3캔특가,[슈퍼마트] 퓨어락 뉴질랜드 청정 프리미엄 분유 모음전,[퓨어락]분유 1~3단계 6캔/3캔/1캔,[퓨어락] 뉴질랜드 분유 1/3/6캔
346,[슈퍼마트]베비언스 산양액상분유/액상분유/니플,0.0,0.9,0.0050604775623388255,0.0,앱솔루트 엄마가 만든 프리미엄 명작 스틱형 분유 4단계,베비언스 액상분유 1단계 0-6개월 180ml,매일유업 앱솔루트 센서티브 2단계,앱솔루트 현명한 엄마의 센서티브 스틱 분유 1단계
347,[홀레] Holle Bio독일내수용Pre~4단계까지,0.3286318758815233,0.0,0.0,0.0,[슈퍼마트]임페리얼분유 오가닉 모음전,[노발락] 독일내수용해외직배송,[파스퇴르] 위드맘 산양분유3캔 특가,[트루맘] 프리미엄 1~4단계 800g 3캔
348,[슈퍼마트] 트루맘 슈퍼 프리미엄 퀸 3캔 모음전즉시할인,0.4414668547249648,0.0,0.0,0.0,서강 가당전지밀 파마산치즈 (1KgX12sack),압타밀/힙/노발락해외직배송,메디푸드 무스웰 밸런스 (100g) 1박스 50개,[슈퍼마트]매일 앱솔루트 센서티브 2단계 900g*3캔
349,[슈퍼마트]남양 아기사랑 수 1단계 750g x 3팩,0.14997649271274097,0.0,0.0,0.0,[슈퍼마트] 매일 앱솔루트 본 가루분유 단계별 모음전,[슈퍼마트]남양 아기사랑 수 4단계 모음전 (750g X 3팩),[슈퍼마트]남양 아기사랑 수 1단계 750g x 3팩,[위드맘] 산양분유1~3단계 
350,아이엠뉴질랜드 프로+조제분유,0.16361071932299015,0.0,0.0,1.0,[압타밀]독일제조/내수용해외직배송,[듀오칼] 특수분유 400g 1통,[힙] 독일내수분유 모음,[압타밀] 독일내수용프로누트라/프로푸트라/킨더밀쉬
351,[앱솔루트]명작/궁 400g모음특가,0.24823695345557123,0.0,0.0,0.0,메디푸드 글루트롤 1.5 (200ml 30캔),케오 남양 임페리얼드림 XO 3단계 2캔,[앱솔루트]유기농궁 / 명작1-4단계 800g*3캔,[남양유업]임페리얼XO1~4단계 3캔
352,[남양] 아이엠마더 액상분유 24팩,0.12599905970850966,0.0,0.0,0.0,[노발락] 공식수입★분유/특수분유,임페리얼 유기농 분유 1개입,[슈퍼마트] 파스퇴르 무.항.생.제 위드맘 2단계즉시할인가 ,[슈퍼마트] 파스퇴르 무.항.생.제 위드맘 1단계즉시할인가 
353,[슈퍼마트] 파스퇴르 무.항.생.제 위드맘 2단계즉시할인가 ,0.13164080865068173,0.0,0.0,0.0,[슈퍼마트] 파스퇴르 무.항.생.제 위드맘 2단계즉시할인가 ,[슈퍼마트]노발락 2단계,[노발락] 공식수입★분유/특수분유,[남양] 아이엠마더 액상분유 24팩
354,[일동후디스]산양분유 3캔증정★이유식3병,0.614010343206394,1.0,1.0789930836543337e-05,0.0,케오 남양 임페리얼 드림 XO 3단계 5캔,매일 앱솔루트 센서티브 1/2/3/4단계 900g x 3캔,매일 앱솔루트 센서티브 1/2/3/4단계 900g x 3캔,매일 앱솔루트 센서티브 1/2/3/4단계 900g x 3캔
355,[앱솔루트]명작 액상분유6입/24입,0.04748472026328162,0.0,0.0,0.0,일동후디스 트루맘액상분유 1~3단계 ,[슈퍼마트] 남양 분유 모음전 (스틱  액상 포함),헤모틴틴 베이비 60포 1캔,[슈퍼마트] 파스퇴르 무항.생제 위드맘 100일 캔/스틱
356,[슈퍼마트]아이배냇 순산양분유/순산양유아식 400g 모음,0.06398683591913493,0.9199999999999999,0.00042080730262519014,0.0,[슈퍼마트]매일궁분유400g모음매일 유기농궁 1/2/4단계,[매일유업]앱솔루트 HA 400g[1캔]특수분유/공식판매점,임페리얼XO 1단계2단계3단계4단계 800g 1캔,앱솔루트 유기농 궁 분유 4단계 400g
357,[트루맘] [후디스]분유 전라인,0.04278326281147156,0.0,0.0,0.0,[슈퍼마트] 파스퇴르 무항.생제 위드맘 100일 캔/스틱,[파스퇴르]위드맘 액상분유 6개입+니플1개증정,일동후디스 트루맘액상분유 1~3단계 ,[앱솔루트]명작 액상분유6입/24입
358,[슈퍼마트] 남양 아이엠마더 스틱분유 모음전,0.06535025858015985,0.0,0.0,0.0,[무료배송] 베비언스 산양액상분유,[베비언스]분유 전라인 ,[위드맘]스틱분유1/2/3단계20봉/40봉★,[슈퍼마트] 홀레 유기농 분유 모음전
359,[위드맘] 액상분유 2 3단계 24입,0.11659614480488951,0.0,0.0,0.0,메디에프 스마일 150ml 24팩/메디푸드,임페리얼 유기농 분유 1개입,[남양] 아이엠마더 액상분유 24팩,[베비언스]액상분유/니플 모음전 
360,일동후디스 트루맘액상분유 1~3단계 ,0.046074283027738604,0.0,0.0,0.0,[앱솔루트]명작 액상분유6입/24입,[슈퍼마트] 남양 분유 모음전 (스틱  액상 포함),[슈퍼마트] 파스퇴르 무항.생제 위드맘 100일 캔/스틱,[트루맘] [후디스]분유 전라인
361,[슈퍼마트] 파스퇴르 분유 모음,0.29243065350258585,0.9199999999999999,0.0002589583400770401,0.0,[슈퍼마트]파스퇴르 위드맘 단계별 3캔 모음,[슈퍼마트]명작 2단계 800g *3캔,[쿠폰할인] 앱솔루트 프리미엄 명작 2단계 800*3,[매일유업] 매일유업 앱솔루트 명작 2단계 800g 3캔
362,임페리얼 유기농 분유 1개입,0.12129760225669957,0.0,0.0,0.0,메디에프 스마일 150ml 24팩/메디푸드,[위드맘] 액상분유 2 3단계 24입,[남양] 아이엠마더 액상분유 24팩,[노발락] 공식수입★분유/특수분유
363,[듀오칼] 특수분유 400g 1통,0.14997649271274097,0.0,0.0,1.0,[압타밀]독일제조/내수용해외직배송,[힙] 독일내수분유 모음,아이엠뉴질랜드 프로+조제분유,[압타밀] 독일내수용프로누트라/프로푸트라/킨더밀쉬
364,[슈퍼마트]트루맘 프리미엄 2단계 800g 즉시할인가,0.08965679360601786,0.0,0.0,0.0,[베비언스]액상분유/니플 모음전 ,[슈퍼마트] 홀레 유기농 분유 모음전,[Holle]★공식★홀레 유기농 분유,[슈퍼마트] 남양 아이엠마더 스틱분유 모음전
365,[Holle]★공식★홀레 유기농 분유,0.06958157028678891,0.0,0.0,0.0,[Holle]★공식★홀레 유기농 분유,[슈퍼마트] 남양 아이엠마더 스틱분유 모음전,[베비언스]분유 전라인 ,[무료배송] 베비언스 산양액상분유
366,[베비언스]분유 전라인 ,0.06488011283497884,0.0,0.0,0.0,[무료배송] 베비언스 산양액상분유,[슈퍼마트] 남양 아이엠마더 스틱분유 모음전,[위드맘]스틱분유1/2/3단계20봉/40봉★,[남양] 액상분유 24입(임페리얼XO / 아이엠마더)
367,베비언스 액상분유,0.16361071932299015,0.8800000000000001,0.0006689757118656869,0.0,남양유업 아기사랑수 3단계 750g 3캔,남양 아기사랑 수 어드밴스 1/2/3/4단계 3캔,[남양] 남양 아기사랑 수 1~4단계 3캔 분유 / 사은품 증정,남양 아기사랑 수 분유 1~4단계3캔+사은품
368,[트루맘] 슈퍼프리미엄 퀸분유 1/4단계,0.15467795016455102,0.0,0.0,0.0,[위드맘] 산양분유1~3단계 ,[슈퍼마트]남양 아기사랑 수 4단계 모음전 (750g X 3팩),[슈퍼마트] 매일 앱솔루트 본 가루분유 단계별 모음전,[슈퍼마트]남양 아기사랑 수 2단계 750g x 3팩
369,[슈퍼마트]궁 1단계 800g *3캔,0.371462153267513,0.9400000000000001,0.00033448785593284344,0.0,[슈퍼마트]앱솔루트 궁 단계별 3캔 모음전,[파스퇴르] 위드맘 산양분유 1~3단계 750G 3캔,[슈퍼마트]궁 4단계 800g *3캔,남양 아이엠마더1~4단계 800g
370,[슈퍼마트]매일궁분유400g모음매일 유기농궁 1/2/4단계,0.06958157028678891,0.9199999999999999,7.552951585580336e-05,0.0,[슈퍼마트]아이배냇 순산양분유/순산양유아식 400g 모음,[매일유업]앱솔루트 HA 400g[1캔]특수분유/공식판매점,임페리얼XO 1단계2단계3단계4단계 800g 1캔,[홀레] ♥쿠폰필수공식수입 전라인
371,[슈퍼마트] 매일 명작 스틱분유 모음전,0.03620122237893748,0.9800000000000001,7.552951585580336e-05,0.0,매일유업 앱솔루트 명작 1 2 3 4단계 800g,위드맘 토들러 액상 분유 3단계 240ml,[파스퇴르] 파스퇴르 무항생제 그랑노블 컴포트750g 1+1캔 1~3단계,유기농궁 1단계 400g 1캔
372,[압타밀] 독일내수용프로누트라/프로푸트라/킨더밀쉬,0.20169252468265164,0.0,0.0,1.0,[카브리타] 산양분유★퀄리고트 인증★,아이엠뉴질랜드 프로+조제분유,[압타밀]독일제조/내수용해외직배송,[듀오칼] 특수분유 400g 1통
373,[홀레] ♥쿠폰필수공식수입 전라인,0.06958157028678891,0.9,0.0007552951585580336,0.0,앱솔루트 유기농 궁 분유 4단계 400g,임페리얼드림XO 애프터 포뮬러 분유 5단계,[임페리얼드림XO] 임페리얼XO 1단계/2단계/3단계/4단계 800g 1캔,앱솔루트궁 유기농 스틱분유 3단계
374,인파트리니 1~5통듀오칼 네오케이트,0.1758345086976963,0.8800000000000001,0.0002265885475674101,1.0,일동후디스 프리미엄 산양분유 1234단계(800gX1캔),노발락 AR 분유 800g,퓨어락 뉴질랜드 청정 프리미엄 분유 1단계,일동후디스 산양분유 800g X 1캔 + 사은품 증정
375,[★퓨어락] 뉴질랜드분유1캔/3캔,0.1918194640338505,0.0,0.0,0.0,[슈퍼마트]남양 아이엠마더 컴포트케어 모음전,메디푸드 멀티칼 300g/캔,[슈퍼마트]일동후디스 산양분유 1캔 단계별 모음전,[슈퍼마트] 노발락 AR
376,[베바] 옵티프로 분유/킨더밀쉬 3통 특가,0.24729666196520922,0.9800000000000001,6.473958501926002e-05,1.0,일루마 골든드롭 1~3단계 분유/유아식 900g 1통,트루맘프리미엄1. 2 .3 .4 단계3캔/기한21년1월이상,일동후디스 프리미엄 산양분유 1~4단계 800g,일동후디스 프리미엄 산양분유 3단계
377,[슈퍼마트]노발락 2단계,0.13323930418429714,0.0,0.0,0.0,[슈퍼마트] 파스퇴르 무.항.생.제 위드맘 1단계즉시할인가 ,[슈퍼마트] 파스퇴르 무.항.생.제 위드맘 2단계즉시할인가 ,[노발락] 공식수입★분유/특수분유,[남양] 아이엠마더 액상분유 24팩
378,[노발락] 독일내수용해외직배송,0.33333333333333337,0.0,0.0,0.0,[홀레] Holle Bio독일내수용Pre~4단계까지,[슈퍼마트]임페리얼분유 오가닉 모음전,[파스퇴르] 위드맘 산양분유3캔 특가,[슈퍼마트]궁 3단계 800g *3캔
379,[슈퍼마트]명작 2단계 800g *3캔,0.2769628584861307,0.9,0.0002589583400770401,0.0,[쿠폰할인] 앱솔루트 프리미엄 명작 2단계 800*3,[매일유업] 매일유업 앱솔루트 명작 1단계 800g 3캔,[매일유업] 매일유업 앱솔루트 명작 2단계 800g 3캔,[슈퍼마트]파스퇴르 위드맘 단계별 3캔 모음
380,[일루마] 골든드롭1~3단계 분유 900g 1통,0.2900799247766808,0.0,0.0,1.0,초유 츄어블 탄산칼슘 캔디 씹어먹 어린이 유아 키즈/,*당일출고/무료배송*일동 후디스 트루맘 프리미엄 1~4단계 800gx3캔,[카브리타] 산양분유★퀄리고트 인증★,[압타밀] 독일내수용프로누트라/프로푸트라/킨더밀쉬
381,[슈퍼마트]매일 앱솔루트 센서티브 2단계 900g*3캔,0.4637987776210626,0.0,0.0,0.0,서강 가당전지밀 파마산치즈 (1KgX12sack) 전지밀 식,메디푸드 무스웰 밸런스 (100g) 1박스 50개,[슈퍼마트] 트루맘 슈퍼 프리미엄 퀸 3캔 모음전즉시할인,서강 가당전지밀 파마산치즈 (1KgX12sack)
382,[위드맘] 산양분유1~3단계 ,0.153267512929008,0.0,0.0,0.0,[트루맘] 슈퍼프리미엄 퀸분유 1/4단계,[슈퍼마트]남양 아기사랑 수 4단계 모음전 (750g X 3팩),[슈퍼마트] 매일 앱솔루트 본 가루분유 단계별 모음전,[슈퍼마트]남양 아기사랑 수 2단계 750g x 3팩
383,[위드맘]스틱분유1/2/3단계20봉/40봉★,0.06252938410907381,0.0,0.0,0.0,[남양] 액상분유 24입(임페리얼XO / 아이엠마더),[베비언스]분유 전라인 ,[무료배송] 베비언스 산양액상분유,[슈퍼마트] 남양 아이엠마더 스틱분유 모음전
384,[무료배송] 베비언스 산양액상분유,0.06488011283497884,0.0,0.0,0.0,[무료배송] 베비언스 산양액상분유,[슈퍼마트] 남양 아이엠마더 스틱분유 모음전,[위드맘]스틱분유1/2/3단계20봉/40봉★,[남양] 액상분유 24입(임페리얼XO / 아이엠마더)
385,[슈퍼마트] 파스퇴르 무.항.생.제 위드맘 1단계즉시할인가 ,0.13164080865068173,0.0,0.0,0.0,[슈퍼마트] 파스퇴르 무.항.생.제 위드맘 2단계즉시할인가 ,[슈퍼마트]노발락 2단계,[노발락] 공식수입★분유/특수분유,[남양] 아이엠마더 액상분유 24팩
386,[슈퍼마트]남양 아이엠마더 컴포트케어 모음전,0.1927597555242125,0.0,0.0,0.0,[★퓨어락] 뉴질랜드분유1캔/3캔,메디푸드 멀티칼 300g/캔,[슈퍼마트]일동후디스 산양분유 1캔 단계별 모음전,[슈퍼마트] 노발락 AR
387,[슈퍼마트] 노발락 AR,0.18081805359661496,0.0,0.0,0.0,메디푸드 멀티칼 300g/캔,[코알라] 분유900g 1캔/3캔 특가,[★퓨어락] 뉴질랜드분유1캔/3캔,[퓨어락]분유 1~3단계 6캔/3캔/1캔
388,헤모틴틴 베이비 60포 1캔,0.050775740479548664,0.0,0.0,0.0,[슈퍼마트] 남양 분유 모음전 (스틱  액상 포함),서강 가당전지밀 파마산 (1KgX1sack) 전지밀 식자재 ,[앱솔루트]명작 액상분유6입/24입,일동후디스 트루맘액상분유 1~3단계 
389,남양 아기사랑 수 750g 3캔,0.16408086506817116,0.0,0.0,0.0,[남양유업] 임페리얼XO  아이엠마더  아기사랑수 3캔특가,[슈퍼마트] 퓨어락 뉴질랜드 청정 프리미엄 분유 모음전,[퓨어락]분유 1~3단계 6캔/3캔/1캔,[퓨어락] 뉴질랜드 분유 1/3/6캔
390,[베비언스] 액상/산양액상,0.1589092618711801,0.86,0.0011329427378370504,0.0,베비언스 액상분유,[슈퍼마트] 파스퇴르 무.항.생.제. 위드맘 3캔즉시할인가,아이엠마더 3단계 800g 1캔,베비언스 산양 액상분유 1단계 0-6개월 180ml
391,[슈퍼마트]남양 아기사랑 수 2단계 750g x 3팩,0.14997649271274097,0.0,0.0,0.0,[슈퍼마트] 매일 앱솔루트 본 가루분유 단계별 모음전,[슈퍼마트]남양 아기사랑 수 4단계 모음전 (750g X 3팩),[슈퍼마트]남양 아기사랑 수 1단계 750g x 3팩,[위드맘] 산양분유1~3단계 
