,title,price,rating,replyCount,brand,item0,item1,item2,item3
0,옥션맘특가쌀과자마을10+2 아이과자 요거트 과일칩,0.03790786948176583,1.0,0.08245783192877447,0.0,[내아이애] 내아이애 유기농 쌀과자/떡뻥 특가 할인 (10+2),남양유업 아이꼬야(구 아기꼬야) 사과  딸기  귤,신상론칭 10+2 유기농 아이간식 쌀과자 김 보리차,[내아이애] 동결건조 요거트 큐브 모음전 (10팩 구매시 1팩 증정)
1,HARIBO 하리보 골드베렌 젤리 980G/해피콜라젤리 980g,0.2538387715930902,1.0,0.00017530898208091762,0.016129032258064516,내아이애 유기농 순수 야채링 과자 단호박 3p + 자색고구마 3p,[매일유업] 아몬드브리즈 오리지날/190mlx12팩24팩/아몬드 두유,[하리보] 하리보 젤리 골드베렌 980g,[매일유업] 요미요미 쌀떡뻥 고구마와 연근 30gx6팩
2,[매일유업] 아몬드브리즈 오리지날/190mlx12팩24팩/아몬드 두유,0.2154510556621881,1.0,0.0010643759626341428,0.03225806451612903,HARIBO 하리보 골드베렌 젤리 980G/해피콜라젤리 980g,내아이애 유기농 순수 야채링 과자 단호박 3p + 자색고구마 3p,[하리보] 하리보 젤리 골드베렌 980g,내아이애 정성빚은 쌀튀밥
3,[매일유업] 매일 요미요미 유기농쌀과자 25gx8봉,0.4865642994241842,0.9,0.00015026484178364368,0.03225806451612903,내아이애 유기농 쌀과자 떡뻥 10종 세트(+1 한봉더),[매일유업] 매일 상하 맛있는 비타치즈 딸기/플레인/요구르트 6박스(48매),요미요미 유기농 쌀과자 25gx8팩 7개월/12개월,[남양] 아이꼬야 요거트볼 불가리스 사과/딸기/블루베리 8개
4,[내아이애] 내아이애 유기농 쌀과자/떡뻥 특가 할인 (10+2),0.02111324376199616,1.0,0.03077924842534968,0.04838709677419355,신상론칭 10+2 유기농 아이간식 쌀과자 김 보리차,[내아이애] 동결건조 요거트 큐브 모음전 (10팩 구매시 1팩 증정),[분유이야기] 남양유업 아이꼬야(구 아기꼬야) 사과 딸기 귤,남양유업 아이꼬야(구 아기꼬야) 사과  딸기  귤
5,신상론칭 10+2 유기농 아이간식 쌀과자 김 보리차,0.040307101727447225,1.0,0.018432487258793626,0.06451612903225806,[분유이야기] 남양유업 아이꼬야(구 아기꼬야) 사과 딸기 귤,[내아이애] 내아이애 유기농 쌀과자/떡뻥 특가 할인 (10+2),[내아이애] 동결건조 요거트 큐브 모음전 (10팩 구매시 1팩 증정),남양유업 아이꼬야 동결건조 사과/딸기/귤
6,남양 아이꼬야 치즈볼/동결건조/불가리스/쌀과자,0.03071017274472169,0.9,0.0009641994014450469,0.08064516129032258,[질마재농장] 유기농100% 무첨가 유기농쌀과자 / 떡뻥,[매일유업] 요미요미 유기농쌀과자 모음전/유아식/이유식,10+2 또야호야 유기농 아기간식 /유아떡뻥쌀과자,일동후디스 쌀과자/떡뻥 웨하스 볼과자 그릭요거볼
7,질마재농장-유기농100% 무첨가 유기농쌀과자,0.045105566218809984,1.0,0.0030553851162674213,0.0967741935483871,[분유이야기] 남양유업 아이꼬야(구 아기꼬야) 사과 딸기 귤,크라운 마이쮸 대용량 딸기복숭아/포도사과맛 328g,남양유업 아이꼬야 동결건조 사과/딸기/귤,[지후쌀과자] 유기농쌀/쌀과자 10+2봉/떡뻥/1만원무배/우체국
8,크라운 마이쮸 대용량 딸기복숭아/포도사과맛 328g,0.049904030710172756,1.0,0.00010017656118909579,0.11290322580645161,질마재농장-유기농100% 무첨가 유기농쌀과자,[지후쌀과자] 유기농쌀/쌀과자 10+2봉/떡뻥/1만원무배/우체국,[분유이야기] 남양유업 아이꼬야(구 아기꼬야) 사과 딸기 귤,남양유업 아이꼬야 동결건조 사과/딸기/귤
9,[지후쌀과자] 유기농쌀/쌀과자 10+2봉/떡뻥/1만원무배/우체국,0.033109404990403074,1.0,0.010869156889016893,0.12903225806451613,크라운 마이쮸 대용량 딸기복숭아/포도사과맛 328g,후디스.요미요미.아이배냇.남양 아기 과자/간식 48종,[분유이야기] 일동후디스 유기농 쌀과자 떡뻥(30g). 곡물바(40g),[일동후디스] 후디스 아기밀냠냠 아기과자/계란볼/웨하스/떡뻥/짜장
10,10+2 또야호야 유기농 아기간식 /유아떡뻥쌀과자,0.018714011516314782,0.9,0.0005760152268373008,0.14516129032258063,일동후디스 쌀과자/떡뻥 웨하스 볼과자 그릭요거볼,[라이스맘] 무료배송10+1증정/100%유기농 아기과자,남양 아이꼬야 치즈볼/동결건조/불가리스/쌀과자,[질마재농장] 유기농100% 무첨가 유기농쌀과자 / 떡뻥
11,[일동후디스] 후디스 아기밀냠냠 아기과자/계란볼/웨하스/떡뻥/짜장,0.022312859884836857,1.0,0.0024668478192814837,0.16129032258064516,후디스.요미요미.아이배냇.남양 아기 과자/간식 48종,[분유이야기] 일동후디스 유기농 쌀과자 떡뻥(30g). 곡물바(40g),10+1찬스 라이스맘 100%유기농 아기과자모음전,후디스 유기농김 2종 택1
12,[라이스맘] 무료배송10+1증정/100%유기농 아기과자,0.03071017274472169,0.9,0.0002379193328241025,0.1774193548387097,일동후디스 쌀과자/떡뻥 웨하스 볼과자 그릭요거볼,10+2 또야호야 유기농 아기간식 /유아떡뻥쌀과자,후디스 아이배냇 요미요미 아기 과자 간식 반찬 100종,[질마재농장] 유기농100% 무첨가 유기농쌀과자 / 떡뻥
13,[코스트코] 웰치스 후르츠 젤리 100봉 2.55kg,0.5585412667946257,0.9,0.00011269863133773277,0.1935483870967742,볼과자,일동후디스 그릭 요거볼 핑거푸드,일동후디스 비타민마을 물고기 친구들 60g,후디스 냠냠 순 과일칩 10개 / 순사과 / 순배 / 순딸기
14,[매일유업] 요미요미 유기농쌀떡뻥 30g 6봉,0.28502879078694815,0.9,0.0007763683492154924,0.03225806451612903,[매일유업] 요미요미 유기농쌀떡뻥 30g 6봉,내아이애 유기농 쌀과자 간식 셋트 (8+1이벤트),내아이애 유기농쌀 스스로 스틱 양파 3p + 브로콜리 3p,내아이애 유기농쌀 스스로 스틱 단호박 3p + 자색고구마 3p
15,[매일유업] 요미요미 유기농쌀떡뻥 30g 6봉,0.28502879078694815,0.9,0.0007763683492154924,0.03225806451612903,[매일유업] 요미요미 유기농쌀떡뻥 30g 6봉,내아이애 유기농 쌀과자 간식 셋트 (8+1이벤트),내아이애 유기농쌀 스스로 스틱 양파 3p + 브로콜리 3p,내아이애 유기농쌀 스스로 스틱 단호박 3p + 자색고구마 3p
16,[파스퇴르] 바른목장우유125ml(24팩),0.4145873320537428,0.8,3.756621044591092e-05,0.2096774193548387,일동후디스 구워만든 순곡물바 세트 바나나 40g x 2p + 치즈 40g x 2p + 당근 40g x 2p,[파스퇴르] 파스퇴르 전용목장 멸균우유 200mlx24팩,일동후디스 유기농 유아 쌀과자 6p 세트,일동후디스 순 과일칩
17,무료배송 담라 소프트캔디 2kg,0.2562380038387716,1.0,0.0001878310522295546,0.22580645161290322,후디스 냠냠 유기농쌀과자백미떡뻥 1box - 6개입,[파스퇴르] 파스퇴르 전용목장 저지방 우유 190mlx24팩,후디스 냠냠 유기농쌀과자 자색고구마떡뻥 1box - 6개,엘빈즈 우리밀로 만든 어린이 핫도그(10개입)
18,[한세상몰] 아이앤미10+2행사/1만무배/유기농쌀과자 샘플듬뿍,0.018714011516314782,1.0,0.02176335791833106,0.24193548387096775,[유기농아기간식베베당] 베베당 아기과자 떡뻥 요거트 과일칩 10+2 1만무배,베베당 유기농 쌀과자/떡뻥/요거트/과일칩/10+2 증정,[맘스쌀과자] 맘스쌀과자-해썹인증쌀과자- 엄마표 떡뻥쌀과자,10+1찬스 라이스맘 100%유기농 아기과자모음전
19,베베당 유기농 쌀과자/떡뻥/요거트/과일칩/10+2 증정,0.049904030710172756,1.0,1.2522070148636973e-05,0.25806451612903225,[맘스쌀과자] 맘스쌀과자-해썹인증쌀과자- 엄마표 떡뻥쌀과자,[유기농아기간식베베당] 베베당 아기과자 떡뻥 요거트 과일칩 10+2 1만무배,[한세상몰] 아이앤미10+2행사/1만무배/유기농쌀과자 샘플듬뿍,[맘스쌀과자] 유기농쌀로 만든 믿을수 있는 쌀가루-맘스쌀과자
20,[맘스쌀과자] 유기농쌀로 만든 믿을수 있는 쌀가루-맘스쌀과자,0.11708253358925144,1.0,0.007438109668290362,0.27419354838709675,[맘스쌀과자] 맘스쌀과자-해썹인증쌀과자- 엄마표 떡뻥쌀과자,베베당 유기농 쌀과자/떡뻥/요거트/과일칩/10+2 증정,[유기농아기간식베베당] 베베당 아기과자 떡뻥 요거트 과일칩 10+2 1만무배,엘빈즈 우리밀로 만든 어린이 핫도그(10개입)
21,[롯데아이몰] 목소리도맑음 배도라지푸룬 방구소리방긋 10억유산균,0.7000959692898273,1.0,0.0001377427716350067,0.29032258064516125,네슬레 거버 과일맛 퍼프 세트 42g 6통 묶음세트,[파스퇴르] 파스퇴르 쾌변두유(60팩),[파스퇴르] 파스퇴르 전용목장 저지방 우유 190mlx48팩,[파스퇴르] 파스퇴르 검은콩깨칼슘두유(96팩)/쾌변두유(60팩)
22,[남양] 아이꼬야 요거트볼 불가리스 사과/딸기/블루베리 8개,0.522552783109405,1.0,7.513242089182184e-05,0.08064516129032258,요미요미 유기농 쌀과자 25gx8팩 7개월/12개월,[일동후디스] 일동후디스 순과일칩 순딸기 12g X 10개입 무료배송,[매일유업] 매일 상하 맛있는 비타치즈 딸기/플레인/요구르트 6박스(48매),후디스 냠냠 순 과일칩 10개 / 순사과 / 순배 / 순딸기
23,후디스.요미요미.아이배냇.남양 아기 과자/간식 48종,0.03190978886756238,1.0,0.00022539726267546554,0.16129032258064516,[분유이야기] 일동후디스 유기농 쌀과자 떡뻥(30g). 곡물바(40g),[일동후디스] 후디스 아기밀냠냠 아기과자/계란볼/웨하스/떡뻥/짜장,후디스 유기농김 2종 택1,[일동후디스] 동결건조 과일칩15g 순사과/순배/순딸기/아기간식
24,(자연) 배하나도라지듬뿍100mlx70포(벌크형),0.9620921305182342,1.0,0.00012522070148636975,0.3064516129032258,(자연) 사과하나당근반쪽100ml 60포,(자연) 배하나 도라지듬뿍 100ml 60포,[베비언스] 킨더밀쉬 유음료 24개입(12개월)(200ml),Yum Earth 야미얼스 올가닉 후르츠 막대사탕 2.2kg
25,엘빈즈 쌀눈 담은 건강한 곡물그대로 과자,0.023512476007677547,1.0,0.0007262800686209445,0.3225806451612903,[유기농아기간식베베당] 베베당 아기과자 떡뻥 요거트 과일칩 10+2 1만무배,베베당 유기농 쌀과자/떡뻥/요거트/과일칩/10+2 증정,[맘스쌀과자] 맘스쌀과자-해썹인증쌀과자- 엄마표 떡뻥쌀과자,아이배냇 베베핑거 요거트 /아기간식과자
26,[일동후디스] 일동후디스 떡뻥x6봉 아기밀냠냠 유기농쌀과자 간식,0.43857965451055664,1.0,0.0003881841746077462,0.16129032258064516,[일동후디스] 일동후디스 순과일칩 순딸기 12g X 10개입 무료배송,일동후디스 순 과일칩,일동후디스 유기농 유아 쌀과자 6p 세트,[파스퇴르] 파스퇴르 전용목장 저지방 우유 190mlx24팩
27,[파스퇴르] 파스퇴르 전용목장 저지방 우유 190mlx24팩,0.34261036468330136,1.0,0.0,0.2096774193548387,후디스 냠냠 유기농쌀과자백미떡뻥 1box - 6개입,무료배송 담라 소프트캔디 2kg,[파스퇴르] 파스퇴르 전용목장 멸균우유 200mlx24팩,[일동후디스] 일동후디스 떡뻥x6봉 아기밀냠냠 유기농쌀과자 간식
28,벨라민츠 무설탕 과일맛 민트 20g x 9개/코스트코,0.24544145873320541,1.0,0.0,0.3387096774193548,엘빈즈 우리밀로 만든 어린이 핫도그(10개입),[아이배냇] 생(生)유산균 출시기념 초특가 1+1(60포)(3만+사은품),[엘빈즈] 엘빈즈 쌀눈 핫도그 (10개입),[아이배냇] 아이배냇 핑거요거트 4+1 / 다섯가지맛
29,네슬레 거버 과일맛 퍼프 세트 42g 6통 묶음세트,0.6876199616122841,1.0,0.0,0.3548387096774194,[롯데아이몰] 목소리도맑음 배도라지푸룬 방구소리방긋 10억유산균,[야미얼스] 막대사탕100개-아이키커/알사탕/캔디/화이트데이/간식,[파스퇴르] 파스퇴르 쾌변두유(60팩),[파스퇴르] 파스퇴르 전용목장 저지방 우유 190mlx48팩
30,(자연) 자연농장 코코배즙 90ml x 100포(벌크형),0.9788867562380038,0.8,5.0088280594547894e-05,0.3064516129032258,Yum Earth 야미얼스 올가닉 후르츠 막대사탕 2.2kg,(자연) 배하나도라지듬뿍100mlx70포(벌크형),(자연) 배하나 도라지듬뿍 100ml 60포,(자연) 사과하나당근반쪽100ml 60포
31,블랙포레스트 꼬마곰 젤리 2.72kg 구미베어 코스트코,0.4359404990403071,1.0,0.00010017656118909579,0.3709677419354839,아이배냇 스틱 유기농 쌀과자와 병아리콩 떡뻥,(자연) 사과하나당근반쪽100ml 30포,(무료배송) 해피베이비 퍼프 6종 3개 담기,아이배냇 사과 조아 과일칩
32,[유기농아기간식베베당] 베베당 아기과자 떡뻥 요거트 과일칩 10+2 1만무배,0.025911708253358926,1.0,0.025257015489800777,0.25806451612903225,[한세상몰] 아이앤미10+2행사/1만무배/유기농쌀과자 샘플듬뿍,베베당 유기농 쌀과자/떡뻥/요거트/과일칩/10+2 증정,[맘스쌀과자] 맘스쌀과자-해썹인증쌀과자- 엄마표 떡뻥쌀과자,엘빈즈 쌀눈 담은 건강한 곡물그대로 과자
33,[리뉴얼라이프] 유기농과자 8개묶음/과자/쌀떡과자/현미/베리/딸기,0.3666026871401152,0.9,0.000463316595499568,0.3870967741935484,아이배냇 스틱 유기농 쌀과자 떡뻥,아이배냇 곡물친구,아이배냇 사과 조아 과일칩,아이배냇 스틱 유기농 쌀과자와 병아리콩 떡뻥
34,요미요미 유기농 쌀과자 25gx8팩 7개월/12개월,0.5345489443378119,1.0,0.0,0.03225806451612903,[남양] 아이꼬야 요거트볼 불가리스 사과/딸기/블루베리 8개,[매일유업] 매일 상하 맛있는 비타치즈 딸기/플레인/요구르트 6박스(48매),내아이애 유기농 쌀과자 떡뻥 10종 세트(+1 한봉더),[매일유업] 매일 요미요미 유기농쌀과자 25gx8봉
35,[일동후디스] 일동후디스 순과일칩 순딸기 12g X 10개입 무료배송,0.505278310940499,1.0,0.0,0.16129032258064516,[일동후디스] 일동후디스 떡뻥x6봉 아기밀냠냠 유기농쌀과자 간식,후디스 냠냠 순 과일칩 10개 / 순사과 / 순배 / 순딸기,[남양] 아이꼬야 요거트볼 불가리스 사과/딸기/블루베리 8개,일동후디스 김과자
36,후디스 유기농김 2종 택1,0.04390595009596929,1.0,2.5044140297273947e-05,0.16129032258064516,[일동후디스] 동결건조 과일칩15g 순사과/순배/순딸기/아기간식,[분유이야기] 일동후디스 유기농 쌀과자 떡뻥(30g). 곡물바(40g),[일동후디스] 일동후디스 아기과자 구워만든 순 곡물바 5+1 행사중,후디스.요미요미.아이배냇.남양 아기 과자/간식 48종
37,[맘스쌀과자] 맘스쌀과자-해썹인증쌀과자- 엄마표 떡뻥쌀과자,0.0690978886756238,1.0,0.021951188970560614,0.27419354838709675,베베당 유기농 쌀과자/떡뻥/요거트/과일칩/10+2 증정,[유기농아기간식베베당] 베베당 아기과자 떡뻥 요거트 과일칩 10+2 1만무배,[맘스쌀과자] 유기농쌀로 만든 믿을수 있는 쌀가루-맘스쌀과자,[한세상몰] 아이앤미10+2행사/1만무배/유기농쌀과자 샘플듬뿍
38,[아이배냇] 아이배냇 핑거요거트 4+1 / 다섯가지맛,0.33061420345489445,1.0,3.756621044591092e-05,0.4032258064516129,아이배냇 스틱 유기농 쌀과자와 병아리콩 떡뻥,[아이배냇] 생(生)유산균 출시기념 초특가 1+1(60포)(3만+사은품),(킨더조이) 킨더조이 디즈니프린세스 T3 X 3개,아이배냇 곡물친구
39,남양유업 아이꼬야 동결건조 사과/딸기/귤,0.06429942418426104,1.0,0.0,0.08064516129032258,[분유이야기] 남양유업 아이꼬야(구 아기꼬야) 사과 딸기 귤,질마재농장-유기농100% 무첨가 유기농쌀과자,[내아이애] 동결건조 요거트 큐브 모음전 (10팩 구매시 1팩 증정),신상론칭 10+2 유기농 아이간식 쌀과자 김 보리차
40,[아이배냇] 쌀과자/곡물/핑거/과자/떡뻥,0.054702495201535514,1.0,0.00793899247423584,0.4032258064516129,[아이배냇] 아이배냇 사과조아 딸기조아 / 동결건조과일,[아이배냇] 꼬마 육포/영양간식/아기간식,[아이배냇] 꼬마 육포/어린이 영양간식/아기간식,[아이배냇] 핑커 요거트 과자 블루베리/딸기/유산균과자/과자
41,10+1찬스 라이스맘 100%유기농 아기과자모음전,0.03071017274472169,1.0,0.0,0.1774193548387097,후디스.요미요미.아이배냇.남양 아기 과자/간식 48종,[분유이야기] 일동후디스 유기농 쌀과자 떡뻥(30g). 곡물바(40g),[일동후디스] 후디스 아기밀냠냠 아기과자/계란볼/웨하스/떡뻥/짜장,후디스 유기농김 2종 택1
42,Yum Earth 야미얼스 올가닉 후르츠 막대사탕 2.2kg,1.0,0.9,5.0088280594547894e-05,0.4193548387096774,[베비언스] 킨더밀쉬 유음료 24개입(12개월)(200ml),(자연) 자연농장 코코배즙 90ml x 100포(벌크형),(자연) 배하나도라지듬뿍100mlx70포(벌크형),(자연) 배하나 도라지듬뿍 100ml 60포
43,[베비언스] 킨더밀쉬 유음료 24개입(12개월)(200ml),0.9904030710172744,1.0,1.2522070148636973e-05,0.43548387096774194,Yum Earth 야미얼스 올가닉 후르츠 막대사탕 2.2kg,(자연) 배하나도라지듬뿍100mlx70포(벌크형),(자연) 배하나 도라지듬뿍 100ml 60포,(자연) 사과하나당근반쪽100ml 60포
44,[분유이야기] 일동후디스 유기농 쌀과자 떡뻥(30g). 곡물바(40g),0.03910748560460653,1.0,0.00020035312237819158,0.16129032258064516,후디스 유기농김 2종 택1,[일동후디스] 동결건조 과일칩15g 순사과/순배/순딸기/아기간식,후디스.요미요미.아이배냇.남양 아기 과자/간식 48종,[일동후디스] 일동후디스 아기과자 구워만든 순 곡물바 5+1 행사중
45,해피 퍼프스 아무거나 3개 담기,0.4529750479846449,0.9,0.0002379193328241025,0.45161290322580644,아이배냇 사과 조아 과일칩,아이배냇 스틱 유기농 쌀과자 떡뻥,(무료배송) 해피베이비 퍼프 6종 3개 담기,아이배냇 핑거 요거트
46,[매일유업] 요미요미 유기농쌀과자 모음전/유아식/이유식,0.04750479846449136,0.9,0.0003881841746077462,0.03225806451612903,남양 아이꼬야 치즈볼/동결건조/불가리스/쌀과자,[질마재농장] 유기농100% 무첨가 유기농쌀과자 / 떡뻥,[내아이애] 동결건조 요거트 큐브 모음전 (10팩 구매시 1팩 증정),내아이애 유기농 떡뻥 과자 3종 세트
47,[아이배냇] 꼬마 육포/어린이 영양간식/아기간식,0.06645873320537429,1.0,1.2522070148636973e-05,0.4032258064516129,[아이배냇] 꼬마 육포/영양간식/아기간식,[아이배냇] 핑커 요거트 과자 블루베리/딸기/유산균과자/과자,[아이배냇] 핑거치즈/과자/쌀과자/핑거/두유,[아이배냇] 쌀과자/곡물/핑거/과자/떡뻥
48,(자연) 사과하나당근반쪽100ml 60포,0.8620441458733206,1.0,7.513242089182184e-05,0.3064516129032258,(자연) 배하나 도라지듬뿍 100ml 60포,(자연) 배하나도라지듬뿍100mlx70포(벌크형),[파스퇴르] 파스퇴르 전용목장 저지방 우유 190mlx48팩,[롯데아이몰] 목소리도맑음 배도라지푸룬 방구소리방긋 10억유산균
49,(자연) 배하나 도라지듬뿍 100ml 60포,0.8620441458733206,1.0,3.756621044591092e-05,0.3064516129032258,(자연) 사과하나당근반쪽100ml 60포,(자연) 배하나도라지듬뿍100mlx70포(벌크형),[파스퇴르] 파스퇴르 전용목장 저지방 우유 190mlx48팩,[롯데아이몰] 목소리도맑음 배도라지푸룬 방구소리방긋 10억유산균
50,[파스퇴르] 파스퇴르 검은콩깨칼슘두유(96팩)/쾌변두유(60팩),0.6785028790786948,0.9,7.513242089182184e-05,0.2096774193548387,[파스퇴르] 파스퇴르 쾌변두유(60팩)/칼슘두유(96팩),일동후디스 웨하스,일동후디스 비타민마을 물고기 친구들 60g,[파스퇴르] 파스퇴르 쾌변두유(60팩)
51,[파스퇴르] 파스퇴르 쾌변두유(60팩)/칼슘두유(96팩),0.6785028790786948,0.9,3.756621044591092e-05,0.2096774193548387,[파스퇴르] 파스퇴르 검은콩깨칼슘두유(96팩)/쾌변두유(60팩),일동후디스 웨하스,일동후디스 비타민마을 물고기 친구들 60g,[파스퇴르] 파스퇴르 쾌변두유(60팩)
52,[아이배냇] 핑커 요거트 과자 블루베리/딸기/유산균과자/과자,0.0714971209213052,1.0,0.000513404876094116,0.4032258064516129,[아이배냇] 꼬마 육포/영양간식/아기간식,[아이배냇] 꼬마 육포/어린이 영양간식/아기간식,[아이배냇] 핑거치즈/과자/쌀과자/핑거/두유,[아이배냇] 쌀과자/곡물/핑거/과자/떡뻥
53,[파스퇴르] 파스퇴르 전용목장 저지방 우유 190mlx48팩,0.7768714011516314,1.0,0.0,0.2096774193548387,[파스퇴르] 파스퇴르 쾌변두유(60팩),[롯데아이몰] 목소리도맑음 배도라지푸룬 방구소리방긋 10억유산균,(자연) 배하나 도라지듬뿍 100ml 60포,(자연) 사과하나당근반쪽100ml 60포
54,(킨더조이) 킨더조이 디즈니프린세스 T3 X 3개,0.24664107485604606,1.0,2.5044140297273947e-05,0.46774193548387094,[건국우유] 포켓밀크200정/40정/키즈/국산원유/우유칼슘캔디,[아이배냇] 생(生)유산균 출시기념 초특가 1+1(60포)(3만+사은품),[아이배냇] 아이배냇 핑거요거트 4+1 / 다섯가지맛,트롤리 올인원 젤리 1000g/왕꿈틀이 할로윈 수입젤리
55,[매일유업] 요미요미 쌀떡뻥 고구마와 연근 30gx6팩,0.35460652591170827,1.0,1.2522070148636973e-05,0.03225806451612903,[매일유업] 매일유업 요미요미 쌀떡뻥 현미와보리 30gx6팩,내아이애 유기농 순수 야채링 과자 단호박 3p + 자색고구마 3p,[매일유업] 매일 상하 맛있는 비타치즈 딸기/플레인/요구르트 6박스(48매),HARIBO 하리보 골드베렌 젤리 980G/해피콜라젤리 980g
56,[일동후디스] 일동후디스 아기과자 구워만든 순 곡물바 5+1 행사중,0.05302303262955854,1.0,0.0,0.16129032258064516,[일동후디스] 동결건조 과일칩15g 순사과/순배/순딸기/아기간식,후디스 유기농김 2종 택1,[분유이야기] 일동후디스 유기농 쌀과자 떡뻥(30g). 곡물바(40g),후디스.요미요미.아이배냇.남양 아기 과자/간식 48종
57,[내아이애] 동결건조 요거트 큐브 모음전 (10팩 구매시 1팩 증정),0.05398272552783111,1.0,1.2522070148636973e-05,0.04838709677419355,신상론칭 10+2 유기농 아이간식 쌀과자 김 보리차,[분유이야기] 남양유업 아이꼬야(구 아기꼬야) 사과 딸기 귤,남양유업 아이꼬야 동결건조 사과/딸기/귤,[내아이애] 내아이애 유기농 쌀과자/떡뻥 특가 할인 (10+2)
58,[아이배냇] 아이배냇 사과조아 딸기조아 / 동결건조과일,0.05062380038387716,1.0,0.0,0.4032258064516129,[아이배냇] 쌀과자/곡물/핑거/과자/떡뻥,[아이배냇] 꼬마 육포/어린이 영양간식/아기간식,[아이배냇] 꼬마 육포/영양간식/아기간식,아이배냇 베베핑거 요거트 /아기간식과자
59,[분유이야기] 남양유업 아이꼬야(구 아기꼬야) 사과 딸기 귤,0.049904030710172756,1.0,0.0028174657834433192,0.08064516129032258,남양유업 아이꼬야 동결건조 사과/딸기/귤,질마재농장-유기농100% 무첨가 유기농쌀과자,신상론칭 10+2 유기농 아이간식 쌀과자 김 보리차,크라운 마이쮸 대용량 딸기복숭아/포도사과맛 328g
60,[파스퇴르] 파스퇴르 쾌변두유(60팩),0.6785028790786948,1.0,1.2522070148636973e-05,0.2096774193548387,[롯데아이몰] 목소리도맑음 배도라지푸룬 방구소리방긋 10억유산균,마이쮸 대용량 328Gx10봉 820입 한박스,[파스퇴르] 파스퇴르 전용목장 저지방 우유 190mlx48팩,[파스퇴르] 파스퇴르 쾌변두유(60팩)/칼슘두유(96팩)
61,마이쮸 대용량 328Gx10봉 820입 한박스,0.6785028790786948,1.0,3.756621044591092e-05,0.11290322580645161,[남양] 남양유업 아기랑쌀이랑 오곡/흑미/퀴노아 오트 48팩,[파스퇴르] 파스퇴르 쾌변두유(60팩),일동후디스 웨하스,일동후디스 비타민마을 물고기 친구들 60g
62,[남양] 남양유업 아기랑쌀이랑 오곡/흑미/퀴노아 오트 48팩,0.6607485604606526,1.0,0.0,0.08064516129032258,마이쮸 대용량 328Gx10봉 820입 한박스,일동후디스 웨하스,[파스퇴르] 파스퇴르 쾌변두유(60팩),요미요미 유기농 쌀과자 25gx8팩 7개월/12개월
63,[커클랜드] 커클랜드 젤리벨리 젤리빈 1.8kg 45가지맛 코스트코,0.5463051823416507,0.8,3.756621044591092e-05,0.4838709677419355,아이배냇 핑거 요거트,해피 퍼프스 아무거나 3개 담기,[야미얼스] 막대사탕100개-아이키커/알사탕/캔디/화이트데이/간식,아이배냇 핑거 동글이
64,트롤리 올인원 젤리 1000g/왕꿈틀이 할로윈 수입젤리,0.2821497120921305,0.9,0.00017530898208091762,0.5,[건국우유] 포켓밀크 200정40정/국산원유/우유칼슘캔디,아이앤미꼬마쌀과자/유기농쌀과자 샘플듬뿍,그린원푸드 유기농 스틱 쌀과자 7종 세트,아이배냇 곡물친구
65,아이배냇 베베핑거 요거트 /아기간식과자,0.033109404990403074,1.0,0.0005259269462427529,0.4032258064516129,[아이배냇] 아이배냇 사과조아 딸기조아 / 동결건조과일,[아이배냇] 쌀과자/곡물/핑거/과자/떡뻥,[아이배냇] 꼬마 육포/영양간식/아기간식,[아이배냇] 꼬마 육포/어린이 영양간식/아기간식
66,[건국우유] 포켓밀크 200정40정/국산원유/우유칼슘캔디,0.27063339731285985,0.9,0.00010017656118909579,0.5161290322580645,트롤리 올인원 젤리 1000g/왕꿈틀이 할로윈 수입젤리,아이앤미꼬마쌀과자/유기농쌀과자 샘플듬뿍,그린원푸드 유기농 스틱 쌀과자 7종 세트,팜투패밀리 오가닉 라이스 퍼프 레인보우 소프트 바 혼합 세트 5p
67,아기밀냠냠 순사과15gx10봉/순배/순딸기/아기과자,0.541746641074856,0.5,0.0,0.16129032258064516,[파스퇴르] 바른목장우유125ml(24팩),일동후디스 구워만든 순곡물바 세트 바나나 40g x 2p + 치즈 40g x 2p + 당근 40g x 2p,내아이애 동결건조 과일칩 사과 3p + 배 3p,엘빈즈 한입 쏘옥 큐브 요거트 과자 6p E세트
68,[아이배냇] 핑거치즈/과자/쌀과자/핑거/두유,0.07869481765834933,1.0,0.0004257503850536571,0.4032258064516129,[아이배냇] 핑커 요거트 과자 블루베리/딸기/유산균과자/과자,[아이배냇] 꼬마 육포/영양간식/아기간식,[아이배냇] 꼬마 육포/어린이 영양간식/아기간식,[아이배냇] 쌀과자/곡물/핑거/과자/떡뻥
69,베이비락 19종 생유산균 프로바이오틱스 어린이유산균,0.5273512476007678,1.0,0.0006135814372832117,0.532258064516129,팜투패밀리 아이간식 김 배도라지 세트모음전,(무료배송) 해피베이비 퍼프 6종 3개 담기,해피 퍼프스 아무거나 3개 담기,팜투패밀리 오가닉 라이스퍼프 레인보우 볼 간식 6p 혼합세트
70,[건국우유] 포켓밀크200정/40정/키즈/국산원유/우유칼슘캔디,0.19865642994241844,1.0,0.0022915388372005663,0.5161290322580645,(킨더조이) 킨더조이 디즈니프린세스 T3 X 3개,[함소아제약] 함소아 오비타 50정x3봉,팜투패밀리 오가닉 라이스 퍼프 레인보우 치발기 칩 30g,아이앤미꼬마쌀과자/유기농쌀과자 샘플듬뿍
71,아이앤미꼬마쌀과자/유기농쌀과자 샘플듬뿍,0.22264875239923226,0.9,0.0011019421730800536,0.5483870967741935,그린원푸드 유기농 스틱 쌀과자 7종 세트,[건국우유] 포켓밀크 200정40정/국산원유/우유칼슘캔디,그린원푸드 유기농 과자 떡뻥 3종세트,트롤리 올인원 젤리 1000g/왕꿈틀이 할로윈 수입젤리
72,보령 베이비오 유기농 크래커 검은콩+레시틴-1개 간식,0.045105566218809984,1.0,0.0,0.564516129032258,그린원푸드 10+3 국산 유기농쌀과자 떡뻥/스틱/과일칩,그린원푸드 유기농 과자 3종 세트,그린원푸드 유기농 쌀과자 4종 세트,그린원푸드 유기농 떡뻥 과자 스틱 3종 세트
73,[함소아제약] 함소아 오비타 50정x3봉,0.23896353166986564,1.0,2.5044140297273947e-05,0.5806451612903225,팜투패밀리 오가닉 라이스 퍼프 레인보우 치발기 칩 30g,[건국우유] 포켓밀크200정/40정/키즈/국산원유/우유칼슘캔디,그린원푸드 유기농 스틱 쌀과자 7종 세트,아이앤미꼬마쌀과자/유기농쌀과자 샘플듬뿍
74,[매일유업] 매일 상하 맛있는 비타치즈 딸기/플레인/요구르트 6박스(48매),0.44337811900191937,1.0,3.756621044591092e-05,0.03225806451612903,[매일유업] 요미요미 쌀떡뻥 고구마와 연근 30gx6팩,[매일유업] 매일유업 요미요미 쌀떡뻥 현미와보리 30gx6팩,요미요미 유기농 쌀과자 25gx8팩 7개월/12개월,[남양] 아이꼬야 요거트볼 불가리스 사과/딸기/블루베리 8개
75,(자연) 사과하나당근반쪽100ml 30포,0.47456813819577737,1.0,0.0,0.3064516129032258,블랙포레스트 꼬마곰 젤리 2.72kg 구미베어 코스트코,아이배냇 스틱 유기농 쌀과자와 병아리콩 떡뻥,아이배냇 사과 조아 과일칩,(무료배송) 해피베이비 퍼프 6종 3개 담기
76,[아이배냇] 꼬마 육포/영양간식/아기간식,0.06645873320537429,1.0,0.00020035312237819158,0.4032258064516129,[아이배냇] 꼬마 육포/어린이 영양간식/아기간식,[아이배냇] 핑커 요거트 과자 블루베리/딸기/유산균과자/과자,[아이배냇] 핑거치즈/과자/쌀과자/핑거/두유,[아이배냇] 쌀과자/곡물/핑거/과자/떡뻥
77,(무료배송) 해피베이비 퍼프 6종 3개 담기,0.4529750479846449,1.0,1.2522070148636973e-05,0.45161290322580644,블랙포레스트 꼬마곰 젤리 2.72kg 구미베어 코스트코,아이배냇 스틱 유기농 쌀과자와 병아리콩 떡뻥,해피 퍼프스 아무거나 3개 담기,베이비락 19종 생유산균 프로바이오틱스 어린이유산균
78,[엘빈즈] 엘빈즈 쌀눈 핫도그 (10개입),0.2159309021113244,0.9,8.765449104045881e-05,0.3225806451612903,엘빈즈 쌀눈담은 건강한 쌀과자 곡물그대로 6p V세트,엘빈즈 쌀눈 담은 건강한 과자 곡물 그대로 6p J세트,엘빈즈 쌀눈 담은 건강한 과자 곡물 그대로 6p L세트,엘빈즈 우리밀로 만든 어린이 핫도그(10개입)
79,그린원푸드 10+3 국산 유기농쌀과자 떡뻥/스틱/과일칩,0.020633397312859885,0.9,0.0018031781014037243,0.5967741935483871,베베쿡 처음먹는 유기농 떡뻥 쌀과자,그린원푸드 유기농 과자 3종 세트,그린원푸드 유기농 쌀과자 4종 세트,그린원푸드 유기농 떡뻥 과자 스틱 3종 세트
80,남양유업 모음전 과자 주스 맘스쿠킹 두유 간식 꼬야,0.057821497120921314,0.7000000000000001,3.756621044591092e-05,0.08064516129032258,남양 아이꼬야 치즈볼/동결건조/불가리스/쌀과자,[매일유업] 요미요미 유기농쌀과자 모음전/유아식/이유식,10+2 또야호야 유기농 아기간식 /유아떡뻥쌀과자,내아이애 유기농 떡뻥 과자 3종 세트
81,팜투패밀리 아이간식 김 배도라지 세트모음전,0.5009596928982726,1.0,1.2522070148636973e-05,0.6129032258064516,베이비락 19종 생유산균 프로바이오틱스 어린이유산균,팜투패밀리 오가닉 라이스퍼프 레인보우 볼 간식 6p 혼합세트,그린원푸드 유기농 떡뻥 스틱 10종 세트,멈멈 쌀과자 4종세트 혼합세트 (케이스+아람쥬스증정)
82,엘빈즈 우리밀로 만든 어린이 핫도그(10개입),0.20129558541266795,1.0,0.0,0.3225806451612903,벨라민츠 무설탕 과일맛 민트 20g x 9개/코스트코,[맘스쌀과자] 유기농쌀로 만든 믿을수 있는 쌀가루-맘스쌀과자,엘빈즈 쌀눈담은 건강한 쌀과자 곡물그대로 6p V세트,엘빈즈 쌀눈 담은 건강한 과자 곡물 그대로 6p J세트
83,멈멈 쌀과자 4종세트 혼합세트 (케이스+아람쥬스증정),0.4040307101727447,0.9,0.0009141111208504991,0.6290322580645161,멈멈 쌀과자,팜투패밀리 오가닉 라이스퍼프 레인보우 볼 간식 6p 혼합세트,그린원푸드 유기농 떡뻥 스틱 10종 세트,팜투패밀리 오가닉 라이스 퍼프 레인보우 소프트 바 혼합 세트 5p
84,[파스퇴르] 파스퇴르 전용목장 멸균우유 200mlx24팩,0.3666026871401152,0.9,2.5044140297273947e-05,0.2096774193548387,일동후디스 웨하스 3종 혼합,일동후디스 유기농 유아 쌀과자 6p 세트,일동후디스 구워만든 순곡물바,후디스 냠냠 유기농쌀과자 시금치떡뻥 1box - 6개입
85,[아이배냇] 생(生)유산균 출시기념 초특가 1+1(60포)(3만+사은품),0.27039347408829173,1.0,0.000500882805945479,0.4032258064516129,[아이배냇] 아이배냇 핑거요거트 4+1 / 다섯가지맛,(킨더조이) 킨더조이 디즈니프린세스 T3 X 3개,벨라민츠 무설탕 과일맛 민트 20g x 9개/코스트코,엘빈즈 우리밀로 만든 어린이 핫도그(10개입)
86,[매일유업] 매일유업 요미요미 쌀떡뻥 현미와보리 30gx6팩,0.35460652591170827,1.0,0.0,0.03225806451612903,[매일유업] 요미요미 쌀떡뻥 고구마와 연근 30gx6팩,내아이애 유기농 순수 야채링 과자 단호박 3p + 자색고구마 3p,[매일유업] 매일 상하 맛있는 비타치즈 딸기/플레인/요구르트 6박스(48매),HARIBO 하리보 골드베렌 젤리 980G/해피콜라젤리 980g
87,[야미얼스] 막대사탕100개-아이키커/알사탕/캔디/화이트데이/간식,0.6425143953934741,0.9,0.0019534429431873677,0.4193548387096774,아이배냇 핑거 요거트,네슬레 거버 과일맛 퍼프 세트 42g 6통 묶음세트,[커클랜드] 커클랜드 젤리벨리 젤리빈 1.8kg 45가지맛 코스트코,[롯데아이몰] 목소리도맑음 배도라지푸룬 방구소리방긋 10억유산균
88,[일동후디스] 동결건조 과일칩15g 순사과/순배/순딸기/아기간식,0.045105566218809984,1.0,0.0,0.16129032258064516,후디스 유기농김 2종 택1,[분유이야기] 일동후디스 유기농 쌀과자 떡뻥(30g). 곡물바(40g),[일동후디스] 일동후디스 아기과자 구워만든 순 곡물바 5+1 행사중,후디스.요미요미.아이배냇.남양 아기 과자/간식 48종
89,내아이애 유기농 떡뻥 과자 3종 세트,0.14779270633397315,0.9,0.01142012797555692,0.04838709677419355,내아이애 정성빚은 쌀튀밥,내이브로 과자링,[매일유업] 요미요미 유기농쌀과자 모음전/유아식/이유식,내아이애 콩고물 쌀과자
90,베베쿡 쌀쿵 쌀과자,0.1506717850287908,0.9,0.05194154697654617,0.6451612903225806,거버 퍼프 8개월부터 42g,그린원푸드 유기농 과자 떡뻥 3종세트,아기밀냠냠 순곡물바 3종 혼합,그린원푸드 유기농 떡뻥 과자 스틱 3종 세트
91,일동후디스 유기농 유아 쌀과자 6p 세트,0.40163147792706333,0.9,0.0009767214715936839,0.16129032258064516,일동후디스 순 과일칩,일동후디스 웨하스 3종 혼합,[파스퇴르] 파스퇴르 전용목장 멸균우유 200mlx24팩,일동후디스 김과자
92,그린원푸드 유기농 쌀과자 4종 세트,0.08781190019193859,0.9,0.00835222078914086,0.5967741935483871,그린원푸드 유기농 과자 3종 세트,그린원푸드 유기농 떡뻥 과자 스틱 3종 세트,베베쿡 처음먹는 유기농 떡뻥 쌀과자,거버 퍼프 8개월부터 42g
93,베베쿡 처음먹는 유기농 떡뻥 쌀과자,0.061900191938579666,0.9,0.0035061796416183525,0.6451612903225806,거버 퍼프 8개월부터 42g,Hot Kid 어린이 멈-멈 오가닉 스트로베리 라이스 비스킷 60g,Hot Kid 차일드 멈-멈 오리지널 오가닉 라이스 러스크 50g,Baby Mum-Mum 라이스 러스크 50g
94,거버 퍼프 8개월부터 42g,0.10220729366602688,0.9,0.0016028249790255326,0.6612903225806451,Hot Kid 차일드 멈-멈 사과 & 호박 라이스 러스크 50g,베베쿡 처음먹는 유기농 떡뻥 쌀과자,빙그레 뽀로로와 친구들 플레인 65g + 치즈 65g + 카카오 65g x 2p,Hot Kid 차일드 멈-멈 오리지널 오가닉 라이스 러스크 50g
95,그린원푸드 유기농 과자 3종 세트,0.08733205374280231,0.9,0.00901589050701862,0.5967741935483871,그린원푸드 유기농 쌀과자 4종 세트,그린원푸드 유기농 떡뻥 과자 스틱 3종 세트,베베쿡 처음먹는 유기농 떡뻥 쌀과자,거버 퍼프 8개월부터 42g
96,해피베이비 유기농 퍼프스 60g,0.07365642994241843,0.9,0.1420127975556919,0.45161290322580644,아이배냇 꼬마 육포,Happy Baby 베이크드 오가닉 치즈 & 그레인 스낵 46g,[아이배냇] 쌀과자/곡물/핑거/과자/떡뻥,[아이배냇] 핑커 요거트 과자 블루베리/딸기/유산균과자/과자
97,일동후디스 유기농 쌀과자 떡뻥,0.31885796545105566,0.9,0.1507406804492919,0.6774193548387096,멈멈 쌀과자,팜투패밀리 오가닉 라이스 퍼프 레인보우 소프트 바 혼합 세트 5p,올가홀푸드 순수한 딸기칩 13g,멈멈 쌀과자 4종세트 혼합세트 (케이스+아람쥬스증정)
98,아이배냇 꼬마 육포,0.10844529750479848,0.9,0.004733342516184776,0.4032258064516129,[아이배냇] 핑거치즈/과자/쌀과자/핑거/두유,[아이배냇] 핑커 요거트 과자 블루베리/딸기/유산균과자/과자,[아이배냇] 꼬마 육포/영양간식/아기간식,[아이배냇] 꼬마 육포/어린이 영양간식/아기간식
99,그린원푸드 유기농 스틱 쌀과자 7종 세트,0.2384836852207294,0.9,0.0031555616774565174,0.5967741935483871,팜투패밀리 오가닉 라이스 퍼프 레인보우 소프트 바 혼합 세트 5p,아이앤미꼬마쌀과자/유기농쌀과자 샘플듬뿍,그린원푸드 유기농 과자 떡뻥 3종세트,[건국우유] 포켓밀크 200정40정/국산원유/우유칼슘캔디
100,Baby Mum-Mum 라이스 러스크 50g,0.04966410748560461,0.9,0.01626616912307943,0.6935483870967741,Hot Kid 어린이 멈-멈 오가닉 스트로베리 라이스 비스킷 60g,Hot Kid 차일드 멈-멈 오리지널 오가닉 라이스 러스크 50g,빙그레 뽀로로와 친구들 카카오,올가홀푸드 유기농 쌀튀밥
101,일동후디스 구워만든 순곡물바,0.30014395393474086,0.9,0.030879424986538777,0.16129032258064516,일동후디스 구워만든 순곡물 바,후디스 냠냠 유기농쌀과자 시금치떡뻥 1box - 6개입,후디스 냠냠 유기농쌀과자 자색고구마떡뻥 1box - 6개,일동후디스 웨하스 3종 혼합
102,빙그레 뽀로로와 친구들 플레인 65g + 치즈 65g + 카카오 65g x 2p,0.09093090211132439,0.9,0.0009767214715936839,0.7096774193548387,Hot Kid 차일드 멈-멈 사과 & 호박 라이스 러스크 50g,올가홀푸드 순수한 배칩,올가홀푸드 자연에서 만든 순수한 사과칩,빙그레 뽀로로와 친구들 카카오
103,올가홀푸드 유기농 쌀튀밥,0.06285988483685222,0.9,0.010005134048760942,0.7258064516129032,빙그레 뽀로로와 친구들 카카오,Hot Kid 어린이 멈-멈 오가닉 스트로베리 라이스 비스킷 60g,Hot Kid 차일드 멈-멈 오리지널 오가닉 라이스 러스크 50g,빙그레 뽀로로와 친구들 플레인 65g + 치즈 65g + 카카오 65g x 2p
104,그린원푸드 유기농 떡뻥 과자 스틱 3종 세트,0.10820537428023033,0.9,0.002541980240173306,0.5967741935483871,그린원푸드 유기농 쌀과자 4종 세트,그린원푸드 유기농 과자 3종 세트,그린원푸드 유기농 과자 떡뻥 3종세트,거버 퍼프 8개월부터 42g
105,올가홀푸드 딸기 사르르 스낵,0.14155470249520155,0.8,0.0017781339611064502,0.7258064516129032,올가홀푸드 사르르 스낵,올가홀푸드 국산 단호박을 넣은 단호박 웨하스,올가홀푸드 오븐에 구워 만든 별별 뮤즐리 300g,올가홀푸드 유기농 밀키롤 블루베리 & 요거트 7p
106,올가홀푸드 순수한 유기농 스낵,0.06933781190019195,0.8,0.015352058002228929,0.7258064516129032,올가홀푸드 유기농 밀키롤 블루베리 & 요거트 7p,올가홀푸드 국산 단호박을 넣은 단호박 웨하스,올가홀푸드 사르르 스낵,올가홀푸드 딸기 사르르 스낵
107,짱죽 헬로 짱 유기농 과자 9종 세트,0.1902591170825336,0.9,0.007788727632452198,0.7419354838709677,프로엠 요거팜 무농약 쌀로만든 블루베리 스낵,프로엠 맘스케어 유기농 까까,아기밀냠냠 순곡물바 3종 혼합,하마씨앤티 유기농 떡뻥 쌀과자 5종
108,아이배냇 스틱 유기농 쌀과자 떡뻥,0.3781190019193858,0.9,0.0021663181357141964,0.4032258064516129,[리뉴얼라이프] 유기농과자 8개묶음/과자/쌀떡과자/현미/베리/딸기,아이배냇 사과 조아 과일칩,아이배냇 곡물친구,해피 퍼프스 아무거나 3개 담기
109,남양유업 아이꼬야 동결건조 과일칩,0.47576775431861806,0.9,0.008076735245870848,0.7580645161290323,남양유업 아이꼬야 불가리스 17g,멈멈 쌀과자 4종세트 혼합세트 (케이스+아람쥬스증정),팜투패밀리 오가닉 라이스퍼프 레인보우 볼 간식 6p 혼합세트,멈멈 쌀과자
110,멈멈 쌀과자,0.3738003838771593,0.9,0.014488035161972978,0.6290322580645161,멈멈 쌀과자 4종세트 혼합세트 (케이스+아람쥬스증정),그린원푸드 유기농 떡뻥 스틱 10종 세트,팜투패밀리 오가닉 라이스퍼프 레인보우 볼 간식 6p 혼합세트,팜투패밀리 오가닉 라이스 퍼프 레인보우 소프트 바 혼합 세트 5p
111,일동후디스 구워만든 순곡물바 세트 바나나 40g x 2p + 치즈 40g x 2p + 당근 40g x 2p,0.3531669865642994,0.8,0.00010017656118909579,0.16129032258064516,[파스퇴르] 바른목장우유125ml(24팩),일동후디스 웨하스 3종 혼합,일동후디스 유기농 유아 쌀과자 6p 세트,[파스퇴르] 파스퇴르 전용목장 멸균우유 200mlx24팩
112,아이배냇 곡물친구,0.32197696737044146,0.9,0.03454839154008941,0.4032258064516129,[리뉴얼라이프] 유기농과자 8개묶음/과자/쌀떡과자/현미/베리/딸기,아이배냇 스틱 유기농 쌀과자 떡뻥,[아이배냇] 아이배냇 핑거요거트 4+1 / 다섯가지맛,아이배냇 구워 만든 한과
113,올가홀푸드 국산 단호박을 넣은 단호박 웨하스,0.1281190019193858,0.8,0.004082194868455654,0.7258064516129032,올가홀푸드 사르르 스낵,올가홀푸드 딸기 사르르 스낵,올가홀푸드 유기농 밀키롤 블루베리 & 요거트 7p,올가홀푸드 오븐에 구워 만든 별별 뮤즐리 300g
114,내아이애 정성빚은 쌀튀밥,0.20705374280230326,0.9,0.002253972626754655,0.04838709677419355,내이브로 과자링,내아이애 콩고물 쌀과자,내아이애 유기농 쌀과자 간식 셋트 (8+1이벤트),내아이애 스스로 스틱 5종 세트
115,팜투패밀리 오가닉 라이스퍼프 레인보우 볼 간식 6p 혼합세트,0.43857965451055664,0.9,7.513242089182184e-05,0.6129032258064516,그린원푸드 유기농 떡뻥 스틱 10종 세트,멈멈 쌀과자 4종세트 혼합세트 (케이스+아람쥬스증정),멈멈 쌀과자,팜투패밀리 아이간식 김 배도라지 세트모음전
116,내아이애 요거트 현미 요거링 딸기 3p + 블루베리 3p,0.31046065259117084,0.9,0.002554502310321943,0.04838709677419355,내아이애 유기농쌀 떡뻥 사과 3p +바나나 3p,내아이애 유기농쌀 스스로 스틱 단호박 3p + 자색고구마 3p,내아이애 유기농쌀 스스로 스틱 양파 3p + 브로콜리 3p,내이브로 동결건조 과일칩
117,하마씨앤티 유기농 떡뻥 쌀과자 5종,0.24736084452975052,0.9,0.015777808387282585,0.7741935483870968,올가홀푸드 순수한 딸기칩 13g,짱죽 헬로 짱 유기농 과자 9종 세트,맘마밀요미요미 유기농쌀떡뻥 5종 혼합,프로엠 요거팜 무농약 쌀로만든 블루베리 스낵
118,일동후디스 김과자,0.4805662188099808,0.9,0.007625940720519917,0.16129032258064516,일동후디스 순 과일칩,볼과자,일동후디스 그릭 요거볼 핑거푸드,후디스 냠냠 순 과일칩 10개 / 순사과 / 순배 / 순딸기
119,일동후디스 그릭 요거볼 핑거푸드,0.5489443378119002,0.9,0.027723863309082258,0.16129032258064516,볼과자,[코스트코] 웰치스 후르츠 젤리 100봉 2.55kg,후디스 냠냠 순 과일칩 10개 / 순사과 / 순배 / 순딸기,일동후디스 비타민마을 물고기 친구들 60g
120,프로엠 요거팜 무농약 쌀로만든 블루베리 스낵,0.1751439539347409,0.9,0.004270025920685208,0.7903225806451613,프로엠 맘스케어 유기농 까까,맘마밀 요미요미 유기농쌀과자 7개월,짱죽 헬로 짱 유기농 과자 9종 세트,하마씨앤티 유기농 떡뻥 쌀과자 5종
121,내아이애 유기농쌀 떡뻥 사과 3p +바나나 3p,0.31046065259117084,0.9,0.0016654353297687174,0.04838709677419355,내아이애 유기농쌀 스스로 스틱 단호박 3p + 자색고구마 3p,내아이애 요거트 현미 요거링 딸기 3p + 블루베리 3p,내아이애 유기농쌀 스스로 스틱 양파 3p + 브로콜리 3p,내이브로 동결건조 과일칩
122,아기밀냠냠 볼과자 4종 혼합,0.19313819577735125,0.8,0.0048961294281170565,0.6774193548387096,올가홀푸드 오븐에 구워 만든 별별 뮤즐리 300g,올가홀푸드 딸기 사르르 스낵,올가홀푸드 사르르 스낵,올가홀푸드 국산 단호박을 넣은 단호박 웨하스
123,올가홀푸드 사르르 스낵,0.13963531669865645,0.8,0.0017030015402146284,0.7258064516129032,올가홀푸드 딸기 사르르 스낵,올가홀푸드 국산 단호박을 넣은 단호박 웨하스,올가홀푸드 유기농 밀키롤 블루베리 & 요거트 7p,올가홀푸드 오븐에 구워 만든 별별 뮤즐리 300g
124,내아이애 동결건조 과일칩,0.3536468330134357,0.9,0.024605867842071652,0.04838709677419355,내아이애 요거트 현미 요거링 딸기 3p + 블루베리 3p,내아이애 유기농쌀 떡뻥 사과 3p +바나나 3p,내아이애 유기농쌀 스스로 스틱 단호박 3p + 자색고구마 3p,내아이애 유기농쌀 스스로 스틱 양파 3p + 브로콜리 3p
125,엘빈즈 쌀눈 담은 건강한 과자 곡물 그대로 6p J세트,0.20057581573896355,0.9,0.00017530898208091762,0.3225806451612903,엘빈즈 쌀눈 담은 건강한 과자 곡물 그대로 6p L세트,엘빈즈 쌀눈담은 건강한 쌀과자 곡물그대로 6p V세트,[엘빈즈] 엘빈즈 쌀눈 핫도그 (10개입),엘빈즈 쌀눈 담은 건강한 과자 곡물 그대로 6p A세트
126,Plum Organics 슈퍼 퍼프 오가닉 베지 프루트 & 그레인 퍼프 42g,0.06477927063339732,0.9,0.015301969721634381,0.8064516129032258,올가홀푸드 유기농 쌀튀밥,짱죽 유기농 쌀과자 헬로 짱 6종 A세트,짱죽 유기농 쌀과자 헬로 짱 6종 B세트,올가홀푸드 순수한 배칩
127,일동후디스 순 과일칩,0.4541746641074856,0.9,0.0011019421730800536,0.16129032258064516,일동후디스 김과자,일동후디스 유기농 유아 쌀과자 6p 세트,볼과자,일동후디스 그릭 요거볼 핑거푸드
128,맘마밀요미요미 유기농쌀떡뻥 5종 혼합,0.2946257197696737,0.9,0.002053619504376464,0.8225806451612903,매일유업 요미요미 유기농 쌀떡뻥 30g,키딜리셔스 쌀과자 40g,하마씨앤티 유기농 떡뻥 쌀과자 5종,이든힐 퍼프 과일맛 스낵
129,내아이애 유기농 쌀과자 간식 셋트 (8+1이벤트),0.26103646833013433,0.9,0.007250278616060808,0.04838709677419355,내아이애 스스로 스틱 5종 세트,내아이애 유기농 쌀과자 과일담은 현미 과자 모음 할인전(8+1이벤트),내아이애 콩고물 쌀과자,[매일유업] 요미요미 유기농쌀떡뻥 30g 6봉
130,올가홀푸드 자연에서 만든 순수한 사과칩,0.10076775431861805,0.9,0.002053619504376464,0.7258064516129032,올가홀푸드 순수한 배칩,빙그레 뽀로로와 친구들 플레인 65g + 치즈 65g + 카카오 65g x 2p,짱죽 유기농 쌀과자 헬로 짱 6종 A세트,짱죽 유기농 쌀과자 헬로 짱 6종 B세트
131,짱죽 유기농 쌀과자 헬로 짱 6종 A세트,0.11444337811900193,0.9,0.0007388021387695814,0.7419354838709677,짱죽 유기농 쌀과자 헬로 짱 6종 B세트,올가홀푸드 자연에서 만든 순수한 사과칩,올가홀푸드 순수한 배칩,빙그레 뽀로로와 친구들 플레인 65g + 치즈 65g + 카카오 65g x 2p
132,Hot Kid 차일드 멈-멈 사과 & 호박 라이스 러스크 50g,0.08589251439539348,0.9,0.0017280456805119024,0.6935483870967741,빙그레 뽀로로와 친구들 플레인 65g + 치즈 65g + 카카오 65g x 2p,Hot Kid 차일드 멈-멈 오리지널 오가닉 라이스 러스크 50g,Hot Kid 어린이 멈-멈 오가닉 스트로베리 라이스 비스킷 60g,빙그레 뽀로로와 친구들 카카오
133,매일유업 요미요미 유기농 쌀떡뻥 30g,0.3318138195777351,0.9,0.029138857235878238,0.8387096774193548,맘마밀요미요미 유기농쌀떡뻥 5종 혼합,키딜리셔스 쌀과자 40g,하마씨앤티 유기농 떡뻥 쌀과자 5종,이든힐 퍼프 과일맛 스낵
134,엘빈즈 한입 쏘옥 큐브 요거트 과자 6p C세트,0.3440499040307102,0.8,0.0004507945253509311,0.3225806451612903,엘빈즈 한입 쏘옥 큐브 요거트 과자 6p E세트,아이배냇 구워 만든 한과,아이배냇 핑거 동글이,[리뉴얼라이프] 유기농과자 8개묶음/과자/쌀떡과자/현미/베리/딸기
135,올가홀푸드 유기농 밀키롤 블루베리 & 요거트 7p,0.09740882917466412,0.8,0.0011144642432286906,0.7258064516129032,올가홀푸드 국산 단호박을 넣은 단호박 웨하스,올가홀푸드 순수한 유기농 스낵,올가홀푸드 사르르 스낵,올가홀푸드 딸기 사르르 스낵
136,내이브로 동결건조 과일칩,0.30758157389635316,0.9,0.0008014124895127663,0.06451612903225806,내아이애 유기농쌀 스스로 스틱 양파 3p + 브로콜리 3p,내아이애 유기농쌀 스스로 스틱 단호박 3p + 자색고구마 3p,내아이애 유기농쌀 떡뻥 사과 3p +바나나 3p,내아이애 요거트 현미 요거링 딸기 3p + 블루베리 3p
137,프로엠 맘스케어 유기농 까까,0.16146833013435702,0.9,0.0071751461951689854,0.7903225806451613,프로엠 요거팜 무농약 쌀로만든 블루베리 스낵,맘마밀 요미요미 유기농쌀과자 7개월,짱죽 헬로 짱 유기농 과자 9종 세트,짱죽 유기농 쌀과자 헬로 짱 6종 A세트
138,팜투패밀리 오가닉 라이스 퍼프 레인보우 소프트 바 혼합 세트 5p,0.2802303262955854,0.9,7.513242089182184e-05,0.6129032258064516,그린원푸드 유기농 스틱 쌀과자 7종 세트,아이앤미꼬마쌀과자/유기농쌀과자 샘플듬뿍,멈멈 쌀과자,[건국우유] 포켓밀크 200정40정/국산원유/우유칼슘캔디
139,엘빈즈 한입 쏘옥 큐브 요거트 과자 6p E세트,0.3440499040307102,0.8,0.00015026484178364368,0.3225806451612903,엘빈즈 한입 쏘옥 큐브 요거트 과자 6p C세트,아이배냇 구워 만든 한과,아이배냇 핑거 동글이,[리뉴얼라이프] 유기농과자 8개묶음/과자/쌀떡과자/현미/베리/딸기
140,내아이애 유기농쌀 스스로 스틱 양파 3p + 브로콜리 3p,0.31046065259117084,0.9,0.0004883607357968419,0.04838709677419355,내아이애 유기농쌀 스스로 스틱 단호박 3p + 자색고구마 3p,내아이애 유기농쌀 떡뻥 사과 3p +바나나 3p,내아이애 요거트 현미 요거링 딸기 3p + 블루베리 3p,내이브로 동결건조 과일칩
141,아기밀냠냠 순곡물바 3종 혼합,0.19313819577735125,0.9,0.0007388021387695814,0.6774193548387096,짱죽 헬로 짱 유기농 과자 9종 세트,베베쿡 쌀쿵 쌀과자,올가홀푸드 순수한 딸기칩 13g,그린원푸드 유기농 과자 떡뻥 3종세트
142,맘마밀 요미요미 유기농쌀과자 7개월,0.16770633397312862,0.9,0.0008890669805532251,0.8387096774193548,프로엠 요거팜 무농약 쌀로만든 블루베리 스낵,프로엠 맘스케어 유기농 까까,이든힐 퍼프 과일맛 스낵,청오 유기농 쌀튀밥 쌀과자
143,Hot Kid 어린이 멈-멈 오가닉 스트로베리 라이스 비스킷 60g,0.06285988483685222,0.9,0.0031179954670106065,0.6935483870967741,Hot Kid 차일드 멈-멈 오리지널 오가닉 라이스 러스크 50g,빙그레 뽀로로와 친구들 카카오,Baby Mum-Mum 라이스 러스크 50g,Hot Kid 차일드 멈-멈 사과 & 호박 라이스 러스크 50g
144,엘빈즈 쌀눈담은 건강한 쌀과자 곡물그대로 6p V세트,0.20057581573896355,0.9,2.5044140297273947e-05,0.3225806451612903,엘빈즈 쌀눈 담은 건강한 과자 곡물 그대로 6p J세트,엘빈즈 쌀눈 담은 건강한 과자 곡물 그대로 6p L세트,[엘빈즈] 엘빈즈 쌀눈 핫도그 (10개입),엘빈즈 쌀눈 담은 건강한 과자 곡물 그대로 6p A세트
145,아이배냇 핑거 요거트,0.5412667946257198,0.9,0.032832867929726145,0.4032258064516129,해피 퍼프스 아무거나 3개 담기,[야미얼스] 막대사탕100개-아이키커/알사탕/캔디/화이트데이/간식,아이배냇 사과 조아 과일칩,[커클랜드] 커클랜드 젤리벨리 젤리빈 1.8kg 45가지맛 코스트코
146,내이브로 과자링,0.2123320537428023,0.9,0.003368436869983346,0.06451612903225806,내아이애 정성빚은 쌀튀밥,내아이애 콩고물 쌀과자,내아이애 유기농 쌀과자 간식 셋트 (8+1이벤트),내아이애 스스로 스틱 5종 세트
147,그린원푸드 유기농 과자 떡뻥 3종세트,0.17082533589251442,0.9,0.0006010593671345747,0.5967741935483871,그린원푸드 유기농 떡뻥 과자 스틱 3종 세트,그린원푸드 유기농 스틱 쌀과자 7종 세트,아이앤미꼬마쌀과자/유기농쌀과자 샘플듬뿍,베베쿡 쌀쿵 쌀과자
148,볼과자,0.5345489443378119,0.9,0.0016779573999173545,0.16129032258064516,일동후디스 그릭 요거볼 핑거푸드,[코스트코] 웰치스 후르츠 젤리 100봉 2.55kg,후디스 냠냠 순 과일칩 10개 / 순사과 / 순배 / 순딸기,일동후디스 김과자
149,내아이애 유기농쌀 스스로 스틱 단호박 3p + 자색고구마 3p,0.31046065259117084,0.9,0.0016403911894714435,0.04838709677419355,내아이애 유기농쌀 떡뻥 사과 3p +바나나 3p,내아이애 요거트 현미 요거링 딸기 3p + 블루베리 3p,내아이애 유기농쌀 스스로 스틱 양파 3p + 브로콜리 3p,내이브로 동결건조 과일칩
150,엘빈즈 쌀눈 담은 건강한 과자 곡물 그대로 6p L세트,0.20057581573896355,0.9,0.0002379193328241025,0.3225806451612903,엘빈즈 쌀눈 담은 건강한 과자 곡물 그대로 6p J세트,엘빈즈 쌀눈담은 건강한 쌀과자 곡물그대로 6p V세트,[엘빈즈] 엘빈즈 쌀눈 핫도그 (10개입),엘빈즈 쌀눈 담은 건강한 과자 곡물 그대로 6p A세트
151,내아이애 유기농 쌀과자 과일담은 현미 과자 모음 할인전(8+1이벤트),0.26103646833013433,0.9,0.009591905733855922,0.04838709677419355,내아이애 스스로 스틱 5종 세트,내아이애 유기농 쌀과자 간식 셋트 (8+1이벤트),내아이애 콩고물 쌀과자,[매일유업] 요미요미 유기농쌀떡뻥 30g 6봉
152,이든힐 퍼프 과일맛 스낵,0.21833013435700577,0.9,0.002354149187943751,0.8548387096774194,키딜리셔스 쌀과자 40g,맘마밀 요미요미 유기농쌀과자 7개월,프로엠 요거팜 무농약 쌀로만든 블루베리 스낵,맘마밀요미요미 유기농쌀떡뻥 5종 혼합
153,일동후디스 웨하스,0.6456333973128598,0.9,0.013323482638149739,0.16129032258064516,일동후디스 비타민마을 물고기 친구들 60g,[파스퇴르] 파스퇴르 검은콩깨칼슘두유(96팩)/쾌변두유(60팩),[파스퇴르] 파스퇴르 쾌변두유(60팩)/칼슘두유(96팩),[코스트코] 웰치스 후르츠 젤리 100봉 2.55kg
154,일동후디스 아기밀냠냠 아기영양간식 볼과자,0.1444337811900192,0.9,0.01091924516961144,0.16129032258064516,내아이애 유기농 떡뻥 과자 3종 세트,일동후디스 쌀과자/떡뻥 웨하스 볼과자 그릭요거볼,[라이스맘] 무료배송10+1증정/100%유기농 아기과자,내이브로 과자링
155,내아이애 유기농 쌀과자 떡뻥 10종 세트(+1 한봉더),0.5369481765834933,0.9,0.0008515007701073142,0.04838709677419355,[매일유업] 매일 요미요미 유기농쌀과자 25gx8봉,요미요미 유기농 쌀과자 25gx8팩 7개월/12개월,[남양] 아이꼬야 요거트볼 불가리스 사과/딸기/블루베리 8개,볼과자
156,내아이애 콩고물 쌀과자,0.2528790786948176,0.9,0.0041448052191988384,0.04838709677419355,내아이애 유기농 쌀과자 간식 셋트 (8+1이벤트),내아이애 스스로 스틱 5종 세트,내아이애 유기농 쌀과자 과일담은 현미 과자 모음 할인전(8+1이벤트),[매일유업] 요미요미 유기농쌀떡뻥 30g 6봉
157,내아이애 스스로 스틱 5종 세트,0.26103646833013433,0.9,0.009366508471180457,0.04838709677419355,내아이애 유기농 쌀과자 과일담은 현미 과자 모음 할인전(8+1이벤트),내아이애 유기농 쌀과자 간식 셋트 (8+1이벤트),내아이애 콩고물 쌀과자,[매일유업] 요미요미 유기농쌀떡뻥 30g 6봉
158,일동후디스 구워만든 순곡물 바,0.27351247600767753,0.9,0.012885210182947446,0.16129032258064516,후디스 냠냠 유기농쌀과자 시금치떡뻥 1box - 6개입,후디스 냠냠 유기농쌀과자 자색고구마떡뻥 1box - 6개,일동후디스 구워만든 순곡물바,후디스 냠냠 유기농쌀과자백미떡뻥 1box - 6개입
159,올가홀푸드 순수한 딸기칩 13g,0.2571976967370441,0.9,0.0002754855432700134,0.7258064516129032,하마씨앤티 유기농 떡뻥 쌀과자 5종,짱죽 헬로 짱 유기농 과자 9종 세트,아기밀냠냠 순곡물바 3종 혼합,맘마밀요미요미 유기농쌀떡뻥 5종 혼합
160,올가홀푸드 순수한 배칩,0.09836852207293667,0.9,0.0015026484178364368,0.7258064516129032,올가홀푸드 자연에서 만든 순수한 사과칩,빙그레 뽀로로와 친구들 플레인 65g + 치즈 65g + 카카오 65g x 2p,짱죽 유기농 쌀과자 헬로 짱 6종 A세트,짱죽 유기농 쌀과자 헬로 짱 6종 B세트
161,내아이애 동결건조 과일칩 사과 3p + 배 3p,0.3714011516314779,0.8,0.0006761917880263966,0.04838709677419355,내아이애 동결건조 과일칩,일동후디스 구워만든 순곡물바 세트 바나나 40g x 2p + 치즈 40g x 2p + 당근 40g x 2p,내아이애 유기농쌀 스스로 스틱 양파 3p + 브로콜리 3p,내아이애 유기농쌀 스스로 스틱 단호박 3p + 자색고구마 3p
162,키딜리셔스 쌀과자 40g,0.2607965451055662,0.9,0.0034936575714697156,0.8709677419354839,이든힐 퍼프 과일맛 스낵,맘마밀요미요미 유기농쌀떡뻥 5종 혼합,매일유업 요미요미 유기농 쌀떡뻥 30g,하마씨앤티 유기농 떡뻥 쌀과자 5종
163,아이배냇 구워 만든 한과,0.3493282149712092,0.8,0.0071751461951689854,0.4032258064516129,아이배냇 핑거 동글이,엘빈즈 한입 쏘옥 큐브 요거트 과자 6p C세트,엘빈즈 한입 쏘옥 큐브 요거트 과자 6p E세트,[리뉴얼라이프] 유기농과자 8개묶음/과자/쌀떡과자/현미/베리/딸기
164,그린원푸드 유기농 떡뻥 스틱 10종 세트,0.4258637236084453,0.9,0.0002754855432700134,0.5967741935483871,팜투패밀리 오가닉 라이스퍼프 레인보우 볼 간식 6p 혼합세트,멈멈 쌀과자 4종세트 혼합세트 (케이스+아람쥬스증정),멈멈 쌀과자,팜투패밀리 아이간식 김 배도라지 세트모음전
165,내아이애 유기농 순수 야채링 과자 단호박 3p + 자색고구마 3p,0.2682341650671785,1.0,0.0003756621044591092,0.04838709677419355,HARIBO 하리보 골드베렌 젤리 980G/해피콜라젤리 980g,[매일유업] 아몬드브리즈 오리지날/190mlx12팩24팩/아몬드 두유,[매일유업] 요미요미 쌀떡뻥 고구마와 연근 30gx6팩,[매일유업] 매일유업 요미요미 쌀떡뻥 현미와보리 30gx6팩
166,짱죽 유기농 쌀과자 헬로 짱 6종 B세트,0.11444337811900193,0.9,0.000500882805945479,0.7419354838709677,짱죽 유기농 쌀과자 헬로 짱 6종 A세트,올가홀푸드 자연에서 만든 순수한 사과칩,올가홀푸드 순수한 배칩,빙그레 뽀로로와 친구들 플레인 65g + 치즈 65g + 카카오 65g x 2p
167,엘빈즈 쌀눈 담은 건강한 과자 곡물 그대로 6p A세트,0.20057581573896355,0.8,0.0003255738238645613,0.3225806451612903,엘빈즈 쌀눈 담은 건강한 과자 곡물 그대로 6p G세트,엘빈즈 쌀눈 담은 건강한 과자 곡물 그대로 6p L세트,엘빈즈 쌀눈 담은 건강한 과자 곡물 그대로 6p J세트,엘빈즈 쌀눈담은 건강한 쌀과자 곡물그대로 6p V세트
168,Happy Baby 베이크드 오가닉 치즈 & 그레인 스낵 46g,0.07317658349328215,0.8,0.0011770745939718755,0.45161290322580644,아이배냇 꼬마 육포,해피베이비 유기농 퍼프스 60g,그린원푸드 유기농 과자 3종 세트,그린원푸드 유기농 쌀과자 4종 세트
169,Hot Kid 차일드 멈-멈 오리지널 오가닉 라이스 러스크 50g,0.06285988483685222,0.9,0.002329105047646477,0.6935483870967741,Hot Kid 어린이 멈-멈 오가닉 스트로베리 라이스 비스킷 60g,빙그레 뽀로로와 친구들 카카오,Baby Mum-Mum 라이스 러스크 50g,Hot Kid 차일드 멈-멈 사과 & 호박 라이스 러스크 50g
170,청오 유기농 쌀튀밥 쌀과자,0.1348368522072937,0.9,0.0029927747655242366,0.8870967741935484,맘마밀 요미요미 유기농쌀과자 7개월,이든힐 퍼프 과일맛 스낵,프로엠 맘스케어 유기농 까까,프로엠 요거팜 무농약 쌀로만든 블루베리 스낵
171,엘빈즈 쌀눈 담은 건강한 과자 곡물 그대로 6p G세트,0.20057581573896355,0.8,0.0003380958940131983,0.3225806451612903,엘빈즈 쌀눈 담은 건강한 과자 곡물 그대로 6p A세트,엘빈즈 쌀눈 담은 건강한 과자 곡물 그대로 6p L세트,엘빈즈 쌀눈 담은 건강한 과자 곡물 그대로 6p J세트,엘빈즈 쌀눈담은 건강한 쌀과자 곡물그대로 6p V세트
172,아기밀냠냠 그릭요거볼 4종 혼합,0.27855086372360843,0.8,0.0008389786999586773,0.6774193548387096,아기밀냠냠 볼과자 4종 혼합,올가홀푸드 오븐에 구워 만든 별별 뮤즐리 300g,올가홀푸드 순수한 딸기칩 13g,팜투패밀리 오가닉 라이스 퍼프 레인보우 소프트 바 혼합 세트 5p
173,아이배냇 사과 조아 과일칩,0.43618042226487524,0.9,0.0003255738238645613,0.4032258064516129,해피 퍼프스 아무거나 3개 담기,아이배냇 스틱 유기농 쌀과자 떡뻥,[리뉴얼라이프] 유기농과자 8개묶음/과자/쌀떡과자/현미/베리/딸기,블랙포레스트 꼬마곰 젤리 2.72kg 구미베어 코스트코
174,아이배냇 스틱 유기농 쌀과자와 병아리콩 떡뻥,0.3781190019193858,1.0,0.000463316595499568,0.4032258064516129,[아이배냇] 아이배냇 핑거요거트 4+1 / 다섯가지맛,블랙포레스트 꼬마곰 젤리 2.72kg 구미베어 코스트코,(무료배송) 해피베이비 퍼프 6종 3개 담기,아이배냇 스틱 유기농 쌀과자 떡뻥
175,팜투패밀리 오가닉 라이스 퍼프 레인보우 치발기 칩 30g,0.24472168905950095,1.0,0.00010017656118909579,0.6129032258064516,[함소아제약] 함소아 오비타 50정x3봉,그린원푸드 유기농 스틱 쌀과자 7종 세트,팜투패밀리 오가닉 라이스 퍼프 레인보우 소프트 바 혼합 세트 5p,[건국우유] 포켓밀크200정/40정/키즈/국산원유/우유칼슘캔디
176,일동후디스 웨하스 3종 혼합,0.34452975047984646,0.9,0.001940920873038731,0.16129032258064516,일동후디스 구워만든 순곡물바,[파스퇴르] 파스퇴르 전용목장 멸균우유 200mlx24팩,후디스 냠냠 유기농쌀과자 시금치떡뻥 1box - 6개입,일동후디스 유기농 유아 쌀과자 6p 세트
177,아이배냇 핑거 동글이,0.40547024952015354,0.8,0.010969333450205988,0.4032258064516129,아이배냇 구워 만든 한과,엘빈즈 한입 쏘옥 큐브 요거트 과자 6p C세트,엘빈즈 한입 쏘옥 큐브 요거트 과자 6p E세트,아이배냇 스틱 유기농 쌀과자 떡뻥
178,남양유업 아이꼬야 불가리스 17g,0.4841650671785029,0.9,0.0004883607357968419,0.9032258064516129,남양유업 아이꼬야 동결건조 과일칩,11특가 크리스피롤 12곡 16곡 19곡 22곡 곡물과자,매일유업 요미요미 유기농 쌀떡뻥 30g,맘마밀요미요미 유기농쌀떡뻥 5종 혼합
179,일동후디스 비타민마을 물고기 친구들 60g,0.5969289827255279,0.9,0.00043827245520229407,0.16129032258064516,[코스트코] 웰치스 후르츠 젤리 100봉 2.55kg,일동후디스 웨하스,일동후디스 그릭 요거볼 핑거푸드,볼과자
180,올가홀푸드 오븐에 구워 만든 별별 뮤즐리 300g,0.1833013435700576,0.8,0.00011269863133773277,0.7258064516129032,올가홀푸드 딸기 사르르 스낵,올가홀푸드 사르르 스낵,아기밀냠냠 볼과자 4종 혼합,올가홀푸드 국산 단호박을 넣은 단호박 웨하스
181,빙그레 뽀로로와 친구들 카카오,0.06813819577735125,0.9,0.00022539726267546554,0.7096774193548387,Hot Kid 차일드 멈-멈 오리지널 오가닉 라이스 러스크 50g,Hot Kid 어린이 멈-멈 오가닉 스트로베리 라이스 비스킷 60g,올가홀푸드 유기농 쌀튀밥,빙그레 뽀로로와 친구들 플레인 65g + 치즈 65g + 카카오 65g x 2p
182,후디스 냠냠 순 과일칩 10개 / 순사과 / 순배 / 순딸기,0.5443857965451055,0.9400000000000001,0.0002379193328241025,0.16129032258064516,볼과자,일동후디스 그릭 요거볼 핑거푸드,[코스트코] 웰치스 후르츠 젤리 100봉 2.55kg,일동후디스 비타민마을 물고기 친구들 60g
183,쌀과자마을 전품목 초특가10+2+아기엄마과자/9700무배/떡뻥/요거트/아이과자,0.0163147792706334,0.9199999999999999,0.8875643321353887,0.0,[내아이애]아기부터 어른까지 유기농 과자 특가(10+2),신제품출시 10+2 유기농 아이 쌀과자 떡뻥 김 보리차,유기농쌀 쌀과자 10+2봉/1만원 무배/우체국택배,옥션맘특가쌀과자마을10+2 아이과자 요거트 과일칩
184,[내아이애]아기부터 어른까지 유기농 과자 특가(10+2),0.02111324376199616,0.9199999999999999,1.0,0.04838709677419355,쌀과자마을 전품목 초특가10+2+아기엄마과자/9700무배/떡뻥/요거트/아이과자,신제품출시 10+2 유기농 아이 쌀과자 떡뻥 김 보리차,유기농쌀 쌀과자 10+2봉/1만원 무배/우체국택배,일동후디스.남양.매일.아이배냇 아기 과자 간식 반찬
185,일동후디스.남양.매일.아이배냇 아기 과자 간식 반찬,0.005518234165067179,0.8800000000000001,0.09092275134925307,0.16129032258064516,일동후디스 쌀과자/떡뻥 웨하스 볼과자 그릭요거볼,[아이앤미]10+2행사 1만원이상 무료배송 유기농쌀과자,유기농쌀 쌀과자 10+2봉/1만원 무배/우체국택배,10+2 또야호야 유기농 아기간식 /유아떡뻥쌀과자
186,한양식품 오징어 숏다리 20g,0.009836852207293668,0.76,7.513242089182184e-05,0.9193548387096774,Plum Organics 슈퍼 퍼프 오가닉 베지 프루트 & 그레인 퍼프 42g,청오 유기농 쌀튀밥 쌀과자,올가홀푸드 순수한 유기농 스낵,올가홀푸드 유기농 밀키롤 블루베리 & 요거트 7p
187,후디스 냠냠 유기농쌀과자백미떡뻥 1box - 6개입,0.28910748560460653,0.96,0.0004132283149050201,0.16129032258064516,후디스 냠냠 유기농쌀과자 자색고구마떡뻥 1box - 6개,후디스 냠냠 유기농쌀과자 시금치떡뻥 1box - 6개입,일동후디스 구워만든 순곡물 바,일동후디스 구워만든 순곡물바
188,신제품출시 10+2 유기농 아이 쌀과자 떡뻥 김 보리차,0.01991362763915547,0.9400000000000001,0.35244618640353625,0.06451612903225806,유기농쌀 쌀과자 10+2봉/1만원 무배/우체국택배,옥션맘특가쌀과자마을10+2 아이과자 요거트 과일칩,일동후디스.남양.매일.아이배냇 아기 과자 간식 반찬,남양유업 아이꼬야(구 아기꼬야) 사과  딸기  귤
189,일동후디스 쌀과자/떡뻥 웨하스 볼과자 그릭요거볼,0.03190978886756238,0.9199999999999999,0.016040771860403962,0.16129032258064516,[라이스맘] 무료배송10+1증정/100%유기농 아기과자,10+2 또야호야 유기농 아기간식 /유아떡뻥쌀과자,[질마재농장] 유기농100% 무첨가 유기농쌀과자 / 떡뻥,후디스 아이배냇 요미요미 아기 과자 간식 반찬 100종
190,후디스 냠냠 유기농쌀과자 자색고구마떡뻥 1box - 6개,0.28910748560460653,0.9199999999999999,0.00017530898208091762,0.16129032258064516,후디스 냠냠 유기농쌀과자 시금치떡뻥 1box - 6개입,일동후디스 구워만든 순곡물 바,일동후디스 구워만든 순곡물바,후디스 냠냠 유기농쌀과자백미떡뻥 1box - 6개입
191,신제품출시 10+2 유기농 쌀과자 떡뻥 김 보리차 세트,0.23704414587332054,0.9199999999999999,0.06308618940883308,0.06451612903225806,내아이애 유기농 쌀과자 과일담은 현미 과자 모음 할인전(8+1이벤트),내아이애 스스로 스틱 5종 세트,내아이애 유기농 쌀과자 간식 셋트 (8+1이벤트),내아이애 콩고물 쌀과자
192,후디스 아이배냇 요미요미 아기 과자 간식 반찬 100종,0.0,0.9800000000000001,0.00010017656118909579,0.16129032258064516,[일동후디스] 후디스 아기밀냠냠 아기과자/계란볼/웨하스/떡뻥/짜장,후디스.요미요미.아이배냇.남양 아기 과자/간식 48종,10+1찬스 라이스맘 100%유기농 아기과자모음전,[분유이야기] 일동후디스 유기농 쌀과자 떡뻥(30g). 곡물바(40g)
193,[질마재농장] 유기농100% 무첨가 유기농쌀과자 / 떡뻥,0.045105566218809984,0.9199999999999999,0.031380307792484255,0.0967741935483871,남양 아이꼬야 치즈볼/동결건조/불가리스/쌀과자,남양유업 아이꼬야(구 아기꼬야) 사과  딸기  귤,10+2 또야호야 유기농 아기간식 /유아떡뻥쌀과자,일동후디스 쌀과자/떡뻥 웨하스 볼과자 그릭요거볼
194,후디스 냠냠 유기농쌀과자 시금치떡뻥 1box - 6개입,0.28910748560460653,0.9,0.00015026484178364368,0.16129032258064516,후디스 냠냠 유기농쌀과자 자색고구마떡뻥 1box - 6개,일동후디스 구워만든 순곡물 바,일동후디스 구워만든 순곡물바,일동후디스 웨하스 3종 혼합
195,[아이앤미]10+2행사 1만원이상 무료배송 유기농쌀과자,0.018714011516314782,0.9199999999999999,0.08027899172291164,0.24193548387096775,일동후디스.남양.매일.아이배냇 아기 과자 간식 반찬,[유기농아기간식베베당] 베베당 아기과자 떡뻥 요거트 과일칩 10+2 1만무배,[한세상몰] 아이앤미10+2행사/1만무배/유기농쌀과자 샘플듬뿍,일동후디스 쌀과자/떡뻥 웨하스 볼과자 그릭요거볼
196,11특가 크리스피롤 12곡 16곡 19곡 22곡 곡물과자,0.3498080614203455,0.96,0.06498954407142589,0.9354838709677419,매일유업 요미요미 유기농 쌀떡뻥 30g,E [헵시바] 100%천연 아비삭 과일칩 14g (바나나)×4개/과일과자/웰빙과자/영양만점/몸좋고맛좋은/,키딜리셔스 쌀과자 40g,맘마밀요미요미 유기농쌀떡뻥 5종 혼합
197,남양유업 아이꼬야(구 아기꼬야) 사과  딸기  귤,0.049904030710172756,0.9800000000000001,0.053231320201855774,0.08064516129032258,신상론칭 10+2 유기농 아이간식 쌀과자 김 보리차,[내아이애] 내아이애 유기농 쌀과자/떡뻥 특가 할인 (10+2),[분유이야기] 남양유업 아이꼬야(구 아기꼬야) 사과 딸기 귤,질마재농장-유기농100% 무첨가 유기농쌀과자
198,베베미 아기과자 쌀과자 떡뻥 10+2/1만이상 무료배송,0.009117082533589251,0.9199999999999999,0.1619604553024706,0.9516129032258064,김명희우리애들밥상 김 자반 간식 반찬 양념 식품,청오 유기농 쌀튀밥 쌀과자,Plum Organics 슈퍼 퍼프 오가닉 베지 프루트 & 그레인 퍼프 42g,한양식품 오징어 숏다리 20g
199,유기농쌀 쌀과자 10+2봉/1만원 무배/우체국택배,0.033109404990403074,0.96,0.10912984134537122,0.12903225806451613,남양유업 아이꼬야(구 아기꼬야) 사과  딸기  귤,일동후디스.남양.매일.아이배냇 아기 과자 간식 반찬,[질마재농장] 유기농100% 무첨가 유기농쌀과자 / 떡뻥,[지후쌀과자] 유기농쌀/쌀과자 10+2봉/떡뻥/1만원무배/우체국
200,네덜란드 고다스 와플 수입과자/카라멜/수입쿠키/과자/바/아기쿠키/수제과자/수제쿠키/쌀과자/커피과자,0.1506717850287908,1.0,2.5044140297273947e-05,0.967741935483871,김명희우리애들밥상 김 자반 간식 반찬 양념 식품,E [헵시바] 100%천연 아비삭 과일칩 14g (바나나)×4개/과일과자/웰빙과자/영양만점/몸좋고맛좋은/,청오 유기농 쌀튀밥 쌀과자,맘마밀 요미요미 유기농쌀과자 7개월
201,E [헵시바] 100%천연 아비삭 과일칩 14g (바나나)×4개/과일과자/웰빙과자/영양만점/몸좋고맛좋은/,0.2658349328214971,1.0,1.2522070148636973e-05,0.9838709677419355,네덜란드 고다스 와플 수입과자/카라멜/수입쿠키/과자/바/아기쿠키/수제과자/수제쿠키/쌀과자/커피과자,11특가 크리스피롤 12곡 16곡 19곡 22곡 곡물과자,키딜리셔스 쌀과자 40g,이든힐 퍼프 과일맛 스낵
202,[하리보] 하리보 젤리 골드베렌 980g,0.2694337811900192,0.9199999999999999,0.02585807485693535,0.016129032258064516,[매일유업] 요미요미 유기농쌀떡뻥 30g 6봉,[매일유업] 요미요미 유기농쌀떡뻥 30g 6봉,내아이애 유기농 쌀과자 과일담은 현미 과자 모음 할인전(8+1이벤트),내아이애 스스로 스틱 5종 세트
203,착한가격 유아과자) 단호박 못난이 쌀과자 7개월부터 유아간식 유기농쌀과자 아기쌀과자 국내산,0.1902591170825336,0.0,0.0,0.27419354838709675,착한가격 유아과자) 백미 못난이 쌀과자 6개월부터,착한가격 유아과자) 당근 못난이 쌀과자 7개월부터,착한가격 유아과자) 배 못난이 쌀과자 7개월부터 유,착한가격 유아과자) 단호박 못난이 쌀과자 7개월부
204,착한가격 유아과자) 백미 못난이 쌀과자 6개월부터,0.1876199616122841,0.0,0.0,0.27419354838709675,착한가격 유아과자) 단호박 못난이 쌀과자 7개월부터 유아간식 유기농쌀과자 아기쌀과자 국내산,착한가격 유아과자) 당근 못난이 쌀과자 7개월부터,착한가격 유아과자) 배 못난이 쌀과자 7개월부터 유,착한가격 유아과자) 단호박 못난이 쌀과자 7개월부
205,착한가격 유아과자) 당근 못난이 쌀과자 7개월부터,0.2034548944337812,0.0,0.0,0.27419354838709675,착한가격 유아과자) 당근 못난이 쌀과자 7개월부터,착한가격 유아과자) 배 못난이 쌀과자 7개월부터 유,착한가격 유아과자) 단호박 못난이 쌀과자 7개월부터 유아간식 유기농쌀과자 아기쌀과자 국내산,착한가격 유아과자) 백미 못난이 쌀과자 6개월부터
206,착한가격 유아과자) 배 못난이 쌀과자 7개월부터 유,0.2034548944337812,0.0,0.0,0.27419354838709675,착한가격 유아과자) 당근 못난이 쌀과자 7개월부터,착한가격 유아과자) 배 못난이 쌀과자 7개월부터 유,착한가격 유아과자) 단호박 못난이 쌀과자 7개월부터 유아간식 유기농쌀과자 아기쌀과자 국내산,착한가격 유아과자) 백미 못난이 쌀과자 6개월부터
207,착한가격 유아과자) 단호박 못난이 쌀과자 7개월부,0.2034548944337812,0.0,0.0,0.27419354838709675,착한가격 유아과자) 당근 못난이 쌀과자 7개월부터,착한가격 유아과자) 배 못난이 쌀과자 7개월부터 유,착한가격 유아과자) 단호박 못난이 쌀과자 7개월부터 유아간식 유기농쌀과자 아기쌀과자 국내산,착한가격 유아과자) 백미 못난이 쌀과자 6개월부터
208,김명희우리애들밥상 김 자반 간식 반찬 양념 식품,0.049904030710172756,1.0,0.00015026484178364368,1.0,네덜란드 고다스 와플 수입과자/카라멜/수입쿠키/과자/바/아기쿠키/수제과자/수제쿠키/쌀과자/커피과자,청오 유기농 쌀튀밥 쌀과자,베베미 아기과자 쌀과자 떡뻥 10+2/1만이상 무료배송,E [헵시바] 100%천연 아비삭 과일칩 14g (바나나)×4개/과일과자/웰빙과자/영양만점/몸좋고맛좋은/
