_id,title,price,rating,replyCount,brand
ObjectId("5b813e3b34957165033a13a1"),옥션맘특가쌀과자마을10+2 아이과자 요거트 과일칩,2200,5,6585,쌀과자마을
ObjectId("5b813e3b34957165033a13a2"),HARIBO 하리보 골드베렌 젤리 980G/해피콜라젤리 980g,11200,5,14,하리보
ObjectId("5b813e3b34957165033a13a3"),[매일유업] 아몬드브리즈 오리지날/190mlx12팩24팩/아몬드 두유,9600,5,85,매일유업
ObjectId("5b813e3b34957165033a13a4"),[매일유업] 매일 요미요미 유기농쌀과자 25gx8봉,20900,4.5,12,매일유업
ObjectId("5b813e3b34957165033a13a5"),[내아이애] 내아이애 유기농 쌀과자/떡뻥 특가 할인 (10+2),1500,5,2458,내아이애
ObjectId("5b813e3b34957165033a13a6"),신상론칭 10+2 유기농 아이간식 쌀과자 김 보리차,2300,5,1472,내이브로
ObjectId("5b813e3b34957165033a13a7"),남양 아이꼬야 치즈볼/동결건조/불가리스/쌀과자,1900,4.5,77,남양
ObjectId("5b813e3b34957165033a13a8"),질마재농장-유기농100% 무첨가 유기농쌀과자,2500,5,244,질마재농장
ObjectId("5b813e3b34957165033a13a9"),크라운 마이쮸 대용량 딸기복숭아/포도사과맛 328g,2700,5,8,크라운
ObjectId("5b813e3b34957165033a13aa"),[지후쌀과자] 유기농쌀/쌀과자 10+2봉/떡뻥/1만원무배/우체국,2000,5,868,지후쌀과자
ObjectId("5b813e3b34957165033a13ab"),10+2 또야호야 유기농 아기간식 /유아떡뻥쌀과자,1400,4.5,46,또야호야
ObjectId("5b813e3b34957165033a13ac"),[일동후디스] 후디스 아기밀냠냠 아기과자/계란볼/웨하스/떡뻥/짜장,1550,5,197,일동후디스
ObjectId("5b813e3b34957165033a13ad"),[라이스맘] 무료배송10+1증정/100%유기농 아기과자,1900,4.5,19,라이스맘
ObjectId("5b813e3b34957165033a13ae"),[코스트코] 웰치스 후르츠 젤리 100봉 2.55kg,23900,4.5,9,웰치스
ObjectId("5b813e3b34957165033a13af"),[매일유업] 요미요미 유기농쌀떡뻥 30g 6봉,12500,4.5,62,매일유업
ObjectId("5b813e3b34957165033a13b0"),[매일유업] 요미요미 유기농쌀떡뻥 30g 6봉,12500,4.5,62,매일유업
ObjectId("5b813e3b34957165033a13b1"),[파스퇴르] 바른목장우유125ml(24팩),17900,4,3,파스퇴르
ObjectId("5b813e3b34957165033a13b2"),무료배송 담라 소프트캔디 2kg,11300,5,15,담라
ObjectId("5b813e3b34957165033a13b3"),[한세상몰] 아이앤미10+2행사/1만무배/유기농쌀과자 샘플듬뿍,1400,5,1738,아이앤미
ObjectId("5b813e3b34957165033a13b4"),베베당 유기농 쌀과자/떡뻥/요거트/과일칩/10+2 증정,2700,5,1,베베당
ObjectId("5b813e3b34957165033a13b5"),[맘스쌀과자] 유기농쌀로 만든 믿을수 있는 쌀가루-맘스쌀과자,5500,5,594,맘스쌀과자
ObjectId("5b813e3b34957165033a13b6"),[롯데아이몰] 목소리도맑음 배도라지푸룬 방구소리방긋 10억유산균,29800,5,11,로지오가닉
ObjectId("5b813e3b34957165033a13b7"),[남양] 아이꼬야 요거트볼 불가리스 사과/딸기/블루베리 8개,22400,5,6,남양
ObjectId("5b813e3b34957165033a13b8"),후디스.요미요미.아이배냇.남양 아기 과자/간식 48종,1950,5,18,일동후디스
ObjectId("5b813e3b34957165033a13b9"),(자연) 배하나도라지듬뿍100mlx70포(벌크형),40720,5,10,자연농장
ObjectId("5b813e3b34957165033a13ba"),엘빈즈 쌀눈 담은 건강한 곡물그대로 과자,1600,5,58,엘빈즈
ObjectId("5b813e3b34957165033a13bb"),[일동후디스] 일동후디스 떡뻥x6봉 아기밀냠냠 유기농쌀과자 간식,18900,5,31,일동후디스
ObjectId("5b813e3b34957165033a13bc"),[파스퇴르] 파스퇴르 전용목장 저지방 우유 190mlx24팩,14900,5,0,파스퇴르
ObjectId("5b813e3b34957165033a13bd"),벨라민츠 무설탕 과일맛 민트 20g x 9개/코스트코,10850,5,0,벨라민츠
ObjectId("5b813e3b34957165033a13be"),네슬레 거버 과일맛 퍼프 세트 42g 6통 묶음세트,29280,5,0,네슬레
ObjectId("5b813e3b34957165033a13bf"),(자연) 자연농장 코코배즙 90ml x 100포(벌크형),41420,4,4,자연농장
ObjectId("5b813e3b34957165033a13c0"),블랙포레스트 꼬마곰 젤리 2.72kg 구미베어 코스트코,18790,5,8,블랙포레스트
ObjectId("5b813e3b34957165033a13c1"),[유기농아기간식베베당] 베베당 아기과자 떡뻥 요거트 과일칩 10+2 1만무배,1700,5,2017,베베당
ObjectId("5b813e3b34957165033a13c2"),[리뉴얼라이프] 유기농과자 8개묶음/과자/쌀떡과자/현미/베리/딸기,15900,4.5,37,리뉴얼라이프
ObjectId("5b813e3b34957165033a13c3"),요미요미 유기농 쌀과자 25gx8팩 7개월/12개월,22900,5,0,매일유업
ObjectId("5b813e3b34957165033a13c4"),[일동후디스] 일동후디스 순과일칩 순딸기 12g X 10개입 무료배송,21680,5,0,일동후디스
ObjectId("5b813e3b34957165033a13c5"),후디스 유기농김 2종 택1,2450,5,2,일동후디스
ObjectId("5b813e3b34957165033a13c6"),[맘스쌀과자] 맘스쌀과자-해썹인증쌀과자- 엄마표 떡뻥쌀과자,3500,5,1753,맘스쌀과자
ObjectId("5b813e3b34957165033a13c7"),[아이배냇] 아이배냇 핑거요거트 4+1 / 다섯가지맛,14400,5,3,아이배냇
ObjectId("5b813e3b34957165033a13c8"),남양유업 아이꼬야 동결건조 사과/딸기/귤,3300,5,0,남양
ObjectId("5b813e3b34957165033a13c9"),[아이배냇] 쌀과자/곡물/핑거/과자/떡뻥,2900,5,634,아이배냇
ObjectId("5b813e3b34957165033a13ca"),10+1찬스 라이스맘 100%유기농 아기과자모음전,1900,5,0,라이스맘
ObjectId("5b813e3b34957165033a13cb"),Yum Earth 야미얼스 올가닉 후르츠 막대사탕 2.2kg,42300,4.5,4,야미얼스
ObjectId("5b813e3b34957165033a13cc"),[베비언스] 킨더밀쉬 유음료 24개입(12개월)(200ml),41900,5,1,베비언스
ObjectId("5b813e3b34957165033a13cd"),[분유이야기] 일동후디스 유기농 쌀과자 떡뻥(30g). 곡물바(40g),2250,5,16,일동후디스
ObjectId("5b813e3b34957165033a13ce"),해피 퍼프스 아무거나 3개 담기,19500,4.5,19,해피베이비
ObjectId("5b813e3b34957165033a13cf"),[매일유업] 요미요미 유기농쌀과자 모음전/유아식/이유식,2600,4.5,31,매일유업
ObjectId("5b813e3b34957165033a13d0"),[아이배냇] 꼬마 육포/어린이 영양간식/아기간식,3390,5,1,아이배냇
ObjectId("5b813e3b34957165033a13d1"),(자연) 사과하나당근반쪽100ml 60포,36550,5,6,자연농장
ObjectId("5b813e3b34957165033a13d2"),(자연) 배하나 도라지듬뿍 100ml 60포,36550,5,3,자연농장
ObjectId("5b813e3b34957165033a13d3"),[파스퇴르] 파스퇴르 검은콩깨칼슘두유(96팩)/쾌변두유(60팩),28900,4.5,6,파스퇴르
ObjectId("5b813e3b34957165033a13d4"),[파스퇴르] 파스퇴르 쾌변두유(60팩)/칼슘두유(96팩),28900,4.5,3,파스퇴르
ObjectId("5b813e3b34957165033a13d5"),[아이배냇] 핑커 요거트 과자 블루베리/딸기/유산균과자/과자,3600,5,41,아이배냇
ObjectId("5b813e3b34957165033a13d6"),[파스퇴르] 파스퇴르 전용목장 저지방 우유 190mlx48팩,33000,5,0,파스퇴르
ObjectId("5b813e3b34957165033a13d7"),(킨더조이) 킨더조이 디즈니프린세스 T3 X 3개,10900,5,2,킨더조이
ObjectId("5b813e3b34957165033a13d8"),[매일유업] 요미요미 쌀떡뻥 고구마와 연근 30gx6팩,15400,5,1,매일유업
ObjectId("5b813e3b34957165033a13d9"),[일동후디스] 일동후디스 아기과자 구워만든 순 곡물바 5+1 행사중,2830,5,0,일동후디스
ObjectId("5b813e3b34957165033a13da"),[내아이애] 동결건조 요거트 큐브 모음전 (10팩 구매시 1팩 증정),2870,5,1,내아이애
ObjectId("5b813e3b34957165033a13db"),[아이배냇] 아이배냇 사과조아 딸기조아 / 동결건조과일,2730,5,0,아이배냇
ObjectId("5b813e3b34957165033a13dc"),[분유이야기] 남양유업 아이꼬야(구 아기꼬야) 사과 딸기 귤,2700,5,225,남양
ObjectId("5b813e3b34957165033a13dd"),[파스퇴르] 파스퇴르 쾌변두유(60팩),28900,5,1,파스퇴르
ObjectId("5b813e3b34957165033a13de"),마이쮸 대용량 328Gx10봉 820입 한박스,28900,5,3,크라운
ObjectId("5b813e3b34957165033a13df"),[남양] 남양유업 아기랑쌀이랑 오곡/흑미/퀴노아 오트 48팩,28160,5,0,남양
ObjectId("5b813e3b34957165033a13e0"),[커클랜드] 커클랜드 젤리벨리 젤리빈 1.8kg 45가지맛 코스트코,23390,4,3,커클랜드
ObjectId("5b813e3b34957165033a13e1"),트롤리 올인원 젤리 1000g/왕꿈틀이 할로윈 수입젤리,12380,4.5,14,트롤리
ObjectId("5b813e3b34957165033a13e2"),아이배냇 베베핑거 요거트 /아기간식과자,2000,5,42,아이배냇
ObjectId("5b813e3b34957165033a13e3"),[건국우유] 포켓밀크 200정40정/국산원유/우유칼슘캔디,11900,4.5,8,건국우유
ObjectId("5b813e3b34957165033a13e4"),아기밀냠냠 순사과15gx10봉/순배/순딸기/아기과자,23200,2.5,0,일동후디스
ObjectId("5b813e3b34957165033a13e5"),[아이배냇] 핑거치즈/과자/쌀과자/핑거/두유,3900,5,34,아이배냇
ObjectId("5b813e3b34957165033a13e6"),베이비락 19종 생유산균 프로바이오틱스 어린이유산균,22600,5,49,베이비락
ObjectId("5b813e3b34957165033a13e7"),[건국우유] 포켓밀크200정/40정/키즈/국산원유/우유칼슘캔디,8900,5,183,건국우유
ObjectId("5b813e3b34957165033a13e8"),아이앤미꼬마쌀과자/유기농쌀과자 샘플듬뿍,9900,4.5,88,까까맘마
ObjectId("5b813e3b34957165033a13e9"),보령 베이비오 유기농 크래커 검은콩+레시틴-1개 간식,2500,5,0,베이비오
ObjectId("5b813e3b34957165033a13ea"),[함소아제약] 함소아 오비타 50정x3봉,10580,5,2,함소아제약
ObjectId("5b813e3b34957165033a13eb"),[매일유업] 매일 상하 맛있는 비타치즈 딸기/플레인/요구르트 6박스(48매),19100,5,3,매일유업
ObjectId("5b813e3b34957165033a13ec"),(자연) 사과하나당근반쪽100ml 30포,20400,5,0,자연농장
ObjectId("5b813e3b34957165033a13ed"),[아이배냇] 꼬마 육포/영양간식/아기간식,3390,5,16,아이배냇
ObjectId("5b813e3b34957165033a13ee"),(무료배송) 해피베이비 퍼프 6종 3개 담기,19500,5,1,해피베이비
ObjectId("5b813e3b34957165033a13ef"),[엘빈즈] 엘빈즈 쌀눈 핫도그 (10개입),9620,4.5,7,엘빈즈
ObjectId("5b813e3b34957165033a13f0"),그린원푸드 10+3 국산 유기농쌀과자 떡뻥/스틱/과일칩,1480,4.5,144,그린원푸드
ObjectId("5b813e3b34957165033a13f1"),남양유업 모음전 과자 주스 맘스쿠킹 두유 간식 꼬야,3030,3.5,3,남양
ObjectId("5b813e3b34957165033a13f2"),팜투패밀리 아이간식 김 배도라지 세트모음전,21500,5,1,팜투패밀리
ObjectId("5b813e3b34957165033a13f3"),엘빈즈 우리밀로 만든 어린이 핫도그(10개입),9010,5,0,엘빈즈
ObjectId("5b813e3b34957165033a13f4"),멈멈 쌀과자 4종세트 혼합세트 (케이스+아람쥬스증정),17460,4.5,73,멈멈
ObjectId("5b813e3b34957165033a13f5"),[파스퇴르] 파스퇴르 전용목장 멸균우유 200mlx24팩,15900,4.5,2,파스퇴르
ObjectId("5b813e3b34957165033a13f6"),[아이배냇] 생(生)유산균 출시기념 초특가 1+1(60포)(3만+사은품),11890,5,40,아이배냇
ObjectId("5b813e3b34957165033a13f7"),[매일유업] 매일유업 요미요미 쌀떡뻥 현미와보리 30gx6팩,15400,5,0,매일유업
ObjectId("5b813e3b34957165033a13f8"),[야미얼스] 막대사탕100개-아이키커/알사탕/캔디/화이트데이/간식,27400,4.5,156,야미얼스
ObjectId("5b813e3b34957165033a13f9"),[일동후디스] 동결건조 과일칩15g 순사과/순배/순딸기/아기간식,2500,5,0,일동후디스
ObjectId("5b813e3b34957165033a13fa"),내아이애 유기농 떡뻥 과자 3종 세트,6780,4.5,912,내아이애
ObjectId("5b813e3b34957165033a13fb"),베베쿡 쌀쿵 쌀과자,6900,4.5,4148,베베쿡
ObjectId("5b813e3b34957165033a13fc"),일동후디스 유기농 유아 쌀과자 6p 세트,17360,4.5,78,일동후디스
ObjectId("5b813e3b34957165033a13fd"),그린원푸드 유기농 쌀과자 4종 세트,4280,4.5,667,그린원푸드
ObjectId("5b813e3b34957165033a13fe"),베베쿡 처음먹는 유기농 떡뻥 쌀과자,3200,4.5,280,베베쿡
ObjectId("5b813e3b34957165033a13ff"),거버 퍼프 8개월부터 42g,4880,4.5,128,거버
ObjectId("5b813e3b34957165033a1400"),그린원푸드 유기농 과자 3종 세트,4260,4.5,720,그린원푸드
ObjectId("5b813e3b34957165033a1401"),해피베이비 유기농 퍼프스 60g,3690,4.5,11341,해피베이비
ObjectId("5b813e3b34957165033a1402"),일동후디스 유기농 쌀과자 떡뻥,13910,4.5,12038,아기밀냠냠
ObjectId("5b813e3b34957165033a1403"),아이배냇 꼬마 육포,5140,4.5,378,아이배냇
ObjectId("5b813e3b34957165033a1404"),그린원푸드 유기농 스틱 쌀과자 7종 세트,10560,4.5,252,그린원푸드
ObjectId("5b813e3b34957165033a1405"),Baby Mum-Mum 라이스 러스크 50g,2690,4.5,1299,베이비멈멈
ObjectId("5b813e3b34957165033a1406"),일동후디스 구워만든 순곡물바,13130,4.5,2466,일동후디스
ObjectId("5b813e3b34957165033a1407"),빙그레 뽀로로와 친구들 플레인 65g + 치즈 65g + 카카오 65g x 2p,4410,4.5,78,빙그레
ObjectId("5b813e3b34957165033a1408"),올가홀푸드 유기농 쌀튀밥,3240,4.5,799,올가홀푸드
ObjectId("5b813e3b34957165033a1409"),그린원푸드 유기농 떡뻥 과자 스틱 3종 세트,5130,4.5,203,그린원푸드
ObjectId("5b813e3b34957165033a140a"),올가홀푸드 딸기 사르르 스낵,6520,4,142,올가홀푸드
ObjectId("5b813e3b34957165033a140b"),올가홀푸드 순수한 유기농 스낵,3510,4,1226,올가홀푸드
ObjectId("5b813e3b34957165033a140c"),짱죽 헬로 짱 유기농 과자 9종 세트,8550,4.5,622,짱죽
ObjectId("5b813e3b34957165033a140d"),아이배냇 스틱 유기농 쌀과자 떡뻥,16380,4.5,173,아이배냇
ObjectId("5b813e3b34957165033a140e"),남양유업 아이꼬야 동결건조 과일칩,20450,4.5,645,남양유업
ObjectId("5b813e3b34957165033a140f"),멈멈 쌀과자,16200,4.5,1157,멈멈
ObjectId("5b813e3b34957165033a1410"),일동후디스 구워만든 순곡물바 세트 바나나 40g x 2p + 치즈 40g x 2p + 당근 40g x 2p,15340,4,8,일동후디스
ObjectId("5b813e3b34957165033a1411"),아이배냇 곡물친구,14040,4.5,2759,아이배냇
ObjectId("5b813e3b34957165033a1412"),올가홀푸드 국산 단호박을 넣은 단호박 웨하스,5960,4,326,올가홀푸드
ObjectId("5b813e3b34957165033a1413"),내아이애 정성빚은 쌀튀밥,9250,4.5,180,내아이애
ObjectId("5b813e3b34957165033a1414"),팜투패밀리 오가닉 라이스퍼프 레인보우 볼 간식 6p 혼합세트,18900,4.5,6,팜투패밀리
ObjectId("5b813e3b34957165033a1415"),내아이애 요거트 현미 요거링 딸기 3p + 블루베리 3p,13560,4.5,204,내아이애
ObjectId("5b813e3b34957165033a1416"),하마씨앤티 유기농 떡뻥 쌀과자 5종,10930,4.5,1260,하마씨앤티
ObjectId("5b813e3b34957165033a1417"),일동후디스 김과자,20650,4.5,609,일동후디스
ObjectId("5b813e3b34957165033a1418"),일동후디스 그릭 요거볼 핑거푸드,23500,4.5,2214,일동후디스
ObjectId("5b813e3b34957165033a1419"),프로엠 요거팜 무농약 쌀로만든 블루베리 스낵,7920,4.5,341,프로엠
ObjectId("5b813e3b34957165033a141a"),내아이애 유기농쌀 떡뻥 사과 3p +바나나 3p,13560,4.5,133,내아이애
ObjectId("5b813e3b34957165033a141b"),아기밀냠냠 볼과자 4종 혼합,8670,4,391,아기밀냠냠
ObjectId("5b813e3b34957165033a141c"),올가홀푸드 사르르 스낵,6440,4,136,올가홀푸드
ObjectId("5b813e3b34957165033a141d"),내아이애 동결건조 과일칩,15360,4.5,1965,내아이애
ObjectId("5b813e3b34957165033a141e"),엘빈즈 쌀눈 담은 건강한 과자 곡물 그대로 6p J세트,8980,4.5,14,엘빈즈
ObjectId("5b813e3b34957165033a141f"),Plum Organics 슈퍼 퍼프 오가닉 베지 프루트 & 그레인 퍼프 42g,3320,4.5,1222,플럼오가닉스
ObjectId("5b813e3b34957165033a1420"),일동후디스 순 과일칩,19550,4.5,88,일동후디스
ObjectId("5b813e3b34957165033a1421"),맘마밀요미요미 유기농쌀떡뻥 5종 혼합,12900,4.5,164,맘마밀요미요미
ObjectId("5b813e3b34957165033a1422"),내아이애 유기농 쌀과자 간식 셋트 (8+1이벤트),11500,4.5,579,내아이애
ObjectId("5b813e3b34957165033a1423"),올가홀푸드 자연에서 만든 순수한 사과칩,4820,4.5,164,올가홀푸드
ObjectId("5b813e3b34957165033a1424"),짱죽 유기농 쌀과자 헬로 짱 6종 A세트,5390,4.5,59,짱죽
ObjectId("5b813e3b34957165033a1425"),Hot Kid 차일드 멈-멈 사과 & 호박 라이스 러스크 50g,4200,4.5,138,베이비멈멈
ObjectId("5b813e3b34957165033a1426"),매일유업 요미요미 유기농 쌀떡뻥 30g,14450,4.5,2327,맘마밀
ObjectId("5b813e3b34957165033a1427"),엘빈즈 한입 쏘옥 큐브 요거트 과자 6p C세트,14960,4,36,엘빈즈
ObjectId("5b813e3b34957165033a1428"),올가홀푸드 유기농 밀키롤 블루베리 & 요거트 7p,4680,4,89,올가홀푸드
ObjectId("5b813e3b34957165033a1429"),내이브로 동결건조 과일칩,13440,4.5,64,내이브로
ObjectId("5b813e3b34957165033a142a"),프로엠 맘스케어 유기농 까까,7350,4.5,573,프로엠
ObjectId("5b813e3b34957165033a142b"),팜투패밀리 오가닉 라이스 퍼프 레인보우 소프트 바 혼합 세트 5p,12300,4.5,6,팜투패밀리
ObjectId("5b813e3b34957165033a142c"),엘빈즈 한입 쏘옥 큐브 요거트 과자 6p E세트,14960,4,12,엘빈즈
ObjectId("5b813e3b34957165033a142d"),내아이애 유기농쌀 스스로 스틱 양파 3p + 브로콜리 3p,13560,4.5,39,내아이애
ObjectId("5b813e3b34957165033a142e"),아기밀냠냠 순곡물바 3종 혼합,8670,4.5,59,아기밀냠냠
ObjectId("5b813e3b34957165033a142f"),맘마밀 요미요미 유기농쌀과자 7개월,7610,4.5,71,맘마밀
ObjectId("5b813e3b34957165033a1430"),Hot Kid 어린이 멈-멈 오가닉 스트로베리 라이스 비스킷 60g,3240,4.5,249,베이비멈멈
ObjectId("5b813e3b34957165033a1431"),엘빈즈 쌀눈담은 건강한 쌀과자 곡물그대로 6p V세트,8980,4.5,2,엘빈즈
ObjectId("5b813e3b34957165033a1432"),아이배냇 핑거 요거트,23180,4.5,2622,아이배냇
ObjectId("5b813e3b34957165033a1433"),내이브로 과자링,9470,4.5,269,내이브로
ObjectId("5b813e3b34957165033a1434"),그린원푸드 유기농 과자 떡뻥 3종세트,7740,4.5,48,그린원푸드
ObjectId("5b813e3b34957165033a1435"),볼과자,22900,4.5,134,일동후디스
ObjectId("5b813e3b34957165033a1436"),내아이애 유기농쌀 스스로 스틱 단호박 3p + 자색고구마 3p,13560,4.5,131,내아이애
ObjectId("5b813e3b34957165033a1437"),엘빈즈 쌀눈 담은 건강한 과자 곡물 그대로 6p L세트,8980,4.5,19,엘빈즈
ObjectId("5b813e3b34957165033a1438"),내아이애 유기농 쌀과자 과일담은 현미 과자 모음 할인전(8+1이벤트),11500,4.5,766,내아이애
ObjectId("5b813e3b34957165033a1439"),이든힐 퍼프 과일맛 스낵,9720,4.5,188,이든힐
ObjectId("5b813e3b34957165033a143a"),일동후디스 웨하스,27530,4.5,1064,일동후디스
ObjectId("5b813e3b34957165033a143b"),일동후디스 아기밀냠냠 아기영양간식 볼과자,6640,4.5,872,일동후디스
ObjectId("5b813e3b34957165033a143c"),내아이애 유기농 쌀과자 떡뻥 10종 세트(+1 한봉더),23000,4.5,68,내아이애
ObjectId("5b813e3b34957165033a143d"),내아이애 콩고물 쌀과자,11160,4.5,331,내아이애
ObjectId("5b813e3b34957165033a143e"),내아이애 스스로 스틱 5종 세트,11500,4.5,748,내아이애
ObjectId("5b813e3b34957165033a143f"),일동후디스 구워만든 순곡물 바,12020,4.5,1029,일동후디스
ObjectId("5b813e3b34957165033a1440"),올가홀푸드 순수한 딸기칩 13g,11340,4.5,22,올가홀푸드
ObjectId("5b813e3b34957165033a1441"),올가홀푸드 순수한 배칩,4720,4.5,120,올가홀푸드
ObjectId("5b813e3b34957165033a1442"),내아이애 동결건조 과일칩 사과 3p + 배 3p,16100,4,54,내아이애
ObjectId("5b813e3b34957165033a1443"),키딜리셔스 쌀과자 40g,11490,4.5,279,키딜리셔스
ObjectId("5b813e3b34957165033a1444"),아이배냇 구워 만든 한과,15180,4,573,아이배냇
ObjectId("5b813e3b34957165033a1445"),그린원푸드 유기농 떡뻥 스틱 10종 세트,18370,4.5,22,그린원푸드
ObjectId("5b813e3b34957165033a1446"),내아이애 유기농 순수 야채링 과자 단호박 3p + 자색고구마 3p,11800,5,30,내아이애
ObjectId("5b813e3b34957165033a1447"),짱죽 유기농 쌀과자 헬로 짱 6종 B세트,5390,4.5,40,짱죽
ObjectId("5b813e3b34957165033a1448"),엘빈즈 쌀눈 담은 건강한 과자 곡물 그대로 6p A세트,8980,4,26,엘빈즈
ObjectId("5b813e3b34957165033a1449"),Happy Baby 베이크드 오가닉 치즈 & 그레인 스낵 46g,3670,4,94,해피베이비
ObjectId("5b813e3b34957165033a144a"),Hot Kid 차일드 멈-멈 오리지널 오가닉 라이스 러스크 50g,3240,4.5,186,베이비멈멈
ObjectId("5b813e3b34957165033a144b"),청오 유기농 쌀튀밥 쌀과자,6240,4.5,239,청오
ObjectId("5b813e3b34957165033a144c"),엘빈즈 쌀눈 담은 건강한 과자 곡물 그대로 6p G세트,8980,4,27,엘빈즈
ObjectId("5b813e3b34957165033a144d"),아기밀냠냠 그릭요거볼 4종 혼합,12230,4,67,아기밀냠냠
ObjectId("5b813e3b34957165033a144e"),아이배냇 사과 조아 과일칩,18800,4.5,26,아이배냇
ObjectId("5b813e3b34957165033a144f"),아이배냇 스틱 유기농 쌀과자와 병아리콩 떡뻥,16380,5,37,아이배냇
ObjectId("5b813e3b34957165033a1450"),팜투패밀리 오가닉 라이스 퍼프 레인보우 치발기 칩 30g,10820,5,8,팜투패밀리
ObjectId("5b813e3b34957165033a1451"),일동후디스 웨하스 3종 혼합,14980,4.5,155,일동후디스
ObjectId("5b813e3b34957165033a1452"),아이배냇 핑거 동글이,17520,4,876,아이배냇
ObjectId("5b813e3b34957165033a1453"),남양유업 아이꼬야 불가리스 17g,20800,4.5,39,아기꼬야
ObjectId("5b813e3b34957165033a1454"),일동후디스 비타민마을 물고기 친구들 60g,25500,4.5,35,일동후디스
ObjectId("5b813e3b34957165033a1455"),올가홀푸드 오븐에 구워 만든 별별 뮤즐리 300g,8260,4,9,올가홀푸드
ObjectId("5b813e3b34957165033a1456"),빙그레 뽀로로와 친구들 카카오,3460,4.5,18,빙그레
ObjectId("5b813e3b34957165033a1457"),후디스 냠냠 순 과일칩 10개 / 순사과 / 순배 / 순딸기,23310,4.7,19,일동후디스
ObjectId("5b813e3b34957165033a1458"),쌀과자마을 전품목 초특가10+2+아기엄마과자/9700무배/떡뻥/요거트/아이과자,1300,4.6,70880,쌀과자마을
ObjectId("5b813e3b34957165033a1459"),[내아이애]아기부터 어른까지 유기농 과자 특가(10+2),1500,4.6,79859,내아이애
ObjectId("5b813e3b34957165033a145a"),일동후디스.남양.매일.아이배냇 아기 과자 간식 반찬,850,4.4,7261,일동후디스
ObjectId("5b813e3b34957165033a145b"),한양식품 오징어 숏다리 20g,1030,3.8,6,한양식품
ObjectId("5b813e3b34957165033a145c"),후디스 냠냠 유기농쌀과자백미떡뻥 1box - 6개입,12670,4.8,33,일동후디스
ObjectId("5b813e3b34957165033a145d"),신제품출시 10+2 유기농 아이 쌀과자 떡뻥 김 보리차,1450,4.7,28146,내이브로
ObjectId("5b813e3b34957165033a145e"),일동후디스 쌀과자/떡뻥 웨하스 볼과자 그릭요거볼,1950,4.6,1281,일동후디스
ObjectId("5b813e3b34957165033a145f"),후디스 냠냠 유기농쌀과자 자색고구마떡뻥 1box - 6개,12670,4.6,14,일동후디스
ObjectId("5b813e3b34957165033a1460"),신제품출시 10+2 유기농 쌀과자 떡뻥 김 보리차 세트,10500,4.6,5038,내이브로
ObjectId("5b813e3b34957165033a1461"),후디스 아이배냇 요미요미 아기 과자 간식 반찬 100종,620,4.9,8,일동후디스
ObjectId("5b813e3b34957165033a1462"),[질마재농장] 유기농100% 무첨가 유기농쌀과자 / 떡뻥,2500,4.6,2506,질마재농장
ObjectId("5b813e3b34957165033a1463"),후디스 냠냠 유기농쌀과자 시금치떡뻥 1box - 6개입,12670,4.5,12,일동후디스
ObjectId("5b813e3b34957165033a1464"),[아이앤미]10+2행사 1만원이상 무료배송 유기농쌀과자,1400,4.6,6411,아이앤미
ObjectId("5b813e3b34957165033a1465"),11특가 크리스피롤 12곡 16곡 19곡 22곡 곡물과자,15200,4.8,5190,팸퍼스코리아
ObjectId("5b813e3b34957165033a1466"),남양유업 아이꼬야(구 아기꼬야) 사과  딸기  귤,2700,4.9,4251,남양
ObjectId("5b813e3b34957165033a1467"),베베미 아기과자 쌀과자 떡뻥 10+2/1만이상 무료배송,1000,4.6,12934,베베미
ObjectId("5b813e3b34957165033a1468"),유기농쌀 쌀과자 10+2봉/1만원 무배/우체국택배,2000,4.8,8715,지후쌀과자
ObjectId("5b813e3b34957165033a1469"),네덜란드 고다스 와플 수입과자/카라멜/수입쿠키/과자/바/아기쿠키/수제과자/수제쿠키/쌀과자/커피과자,6900,5,2,고다스
ObjectId("5b813e3b34957165033a146a"),E [헵시바] 100%천연 아비삭 과일칩 14g (바나나)×4개/과일과자/웰빙과자/영양만점/몸좋고맛좋은/,11700,5,1,헵시바
ObjectId("5b813e3b34957165033a146b"),[하리보] 하리보 젤리 골드베렌 980g,11850,4.6,2065,하리보
ObjectId("5b813e3b34957165033a146c"),착한가격 유아과자) 단호박 못난이 쌀과자 7개월부터 유아간식 유기농쌀과자 아기쌀과자 국내산,8550,0,0,맘스쌀과자
ObjectId("5b813e3b34957165033a146d"),착한가격 유아과자) 백미 못난이 쌀과자 6개월부터,8440,0,0,맘스쌀과자
ObjectId("5b813e3b34957165033a146e"),착한가격 유아과자) 당근 못난이 쌀과자 7개월부터,9100,0,0,맘스쌀과자
ObjectId("5b813e3b34957165033a146f"),착한가격 유아과자) 배 못난이 쌀과자 7개월부터 유,9100,0,0,맘스쌀과자
ObjectId("5b813e3b34957165033a1470"),착한가격 유아과자) 단호박 못난이 쌀과자 7개월부,9100,0,0,맘스쌀과자
ObjectId("5b813e3b34957165033a1471"),김명희우리애들밥상 김 자반 간식 반찬 양념 식품,2700,5,12,우리애들밥상
ObjectId("5b813e3b34957165033a1472"),초코릿/초코크런치/감귤초코릿/초콜렛/초코바/ 핫초코/초코렛/ 첵스초코/가나초코릿/초코렛틀 /다크초코릿/,8900,5,1,제주특산품
ObjectId("5b813e3b34957165033a1473"),햅쌀현미 누룽지현미과자140g 4팩,12840,0,0,
ObjectId("5b813e3b34957165033a1474"),사조 꼬마장사 어육소세지 65g x 20개 X 6EA_1BOX /(연관어)사조 꼬마장사 어육소세지 65g x 20개 X 6EA 1B,88440,0,0,사조오양
ObjectId("5b813e3b34957165033a1475"),얌이밀 간식 - 미네랄현미과자(낱개),4500,4.5,604,얌이밀
ObjectId("5b813e3b34957165033a1476"),착한가격 한끼 쌀가루 4-6개월 초기스틱형,7430,0,0,맘스쌀과자
ObjectId("5b813e3b34957165033a1477"),베베비앙 HACCP인증 똑똑한 맘의 선택 리얼바나나(소,16200,0,0,베베비앙
ObjectId("5b813e3b34957165033a1478"),베베비앙 HACCP인증 똑똑한 맘의 선택 요거트 블루베,16200,0,0,베베비앙
ObjectId("5b813e3b34957165033a1479"),베베비앙 HACCP인증 똑똑한 맘의 선택 사과 시금치별,16200,0,0,베베비앙
ObjectId("5b813e3b34957165033a147a"),베베비앙 HACCP인증 똑똑한 맘의 선택 밀키/12개월 4,16200,0,0,베베비앙
ObjectId("5b813e3b34957165033a147b"),베베비앙 HACCP인증 똑똑한 맘의 선택 현미링/8개월,17200,0,0,베베비앙
ObjectId("5b813e3b34957165033a147c"),베베비앙 HACCP인증 똑똑한 맘의 선택 현미딸기링/8개,17200,0,0,베베비앙
ObjectId("5b813e3b34957165033a147d"),베베비앙 HACCP인증 똑똑한 맘의 선택 현미/6개월 40,17200,0,0,베베비앙
ObjectId("5b813e3b34957165033a147e"),베베비앙 HACCP인증 똑똑한 맘의 선택 바나나링/8개월,16200,0,0,베베비앙
ObjectId("5b813e3b34957165033a147f"),베베비앙 HACCP인증 똑똑한 맘의 선택 인절미/12개월,16200,0,0,베베비앙
ObjectId("5b813e3b34957165033a1480"),베베비앙 HACCP인증 똑똑한 맘의 선택 현미딸기별/8개,17200,0,0,베베비앙
ObjectId("5b813e3b34957165033a1481"),베베비앙 HACCP인증 똑똑한 맘의 선택 요거트 블루베,16200,0,0,베베비앙
ObjectId("5b813e3b34957165033a1482"),베베비앙 HACCP인증 똑똑한 맘의 선택 현미별/8개월,17200,0,0,베베비앙
ObjectId("5b813e3b34957165033a1483"),베베비앙 HACCP인증 똑똑한 맘의 선택 요거트 블루베,16200,0,0,베베비앙
ObjectId("5b813e3b34957165033a1484"),베베비앙 HACCP인증 똑똑한 맘의 선택 사과 시금치링,16200,0,0,베베비앙
ObjectId("5b813e3b34957165033a1485"),베베비앙 HACCP인증 똑똑한 맘의 선택 바나나/6개월,16200,0,0,베베비앙
ObjectId("5b813e3b34957165033a1486"),베베비앙 HACCP인증 똑똑한 맘의 선택 사과 시금치/6,16200,0,0,베베비앙
ObjectId("5b813e3b34957165033a1487"),베베비앙 HACCP인증 똑똑한 맘의 선택 현미딸기/6개월,17200,0,0,베베비앙
ObjectId("5b813e3b34957165033a1488"),베베비앙 HACCP인증 똑똑한 맘의 선택 바나나별/8개월,16200,0,0,베베비앙
ObjectId("5b813e3b34957165033a1489"),(맛나)사누끼냉동면230g*5/삼립,3150,0,0,삼립
ObjectId("5b813e3b34957165033a148a"),(맛나)냉동중화면230g*5/삼립,3960,0,0,삼립
ObjectId("5b813e3b34957165033a148b"),키딜리셔스 아이젤리(18개입)/ 쌀과자 / 완두스틱,19900,4.6,371,키딜리셔스
ObjectId("5b813e3b34957165033a148c"),FC 착한가격 유기농시금치 못난이 쌀과자 7개월부터,5050,0,0,맘스쌀과자
ObjectId("5b813e3b34957165033a148d"),FC 착한가격 유기농자색고구마 못난이 쌀과자 7개월부,5050,0,0,맘스쌀과자
ObjectId("5b813e3b34957165033a148e"),FC 착한가격 유기농블루베리 못난이 쌀과자 8개월부터,5350,0,0,맘스쌀과자
ObjectId("5b813e3b34957165033a148f"),FC 착한가격 유기농우리아이 한끼현미가루 6-8개월(스,10890,0,0,유기농우리아이
ObjectId("5b813e3b34957165033a1490"),FC 착한가격 유기농백미 못난이 쌀과자 6개월부터 유,4460,0,0,맘스쌀과자
ObjectId("5b813e3b34957165033a1491"),FC 착한가격 유기농우리아이 한끼현미가루 4-6개월(스,7430,0,0,유기농우리아이
ObjectId("5b813e3b34957165033a1492"),FC 착한가격 유기농우리아이 한끼 쌀가루 6-8개월(스,10800,0,0,유기농우리아이
ObjectId("5b813e3b34957165033a1493"),FC 착한가격 유기농배 못난이 쌀과자 7개월부터 유기,5050,0,0,맘스쌀과자
ObjectId("5b813e3b34957165033a1494"),FC 착한가격 유기농우리아이 한끼 쌀가루 4-6개월(실,8720,0,0,유기농우리아이
ObjectId("5b813e3b34957165033a1495"),FC 착한가격 유기농우리아이 한끼 쌀가루 6-8개월(실,9410,0,0,유기농우리아이
ObjectId("5b813e3b34957165033a1496"),치토스 매콤 178g x 12개,31090,0,0,치토스
ObjectId("5b813e3b34957165033a1497"),FC 착한가격 유기농우리아이 한끼현미가루 4-6개월(실,6930,0,0,유기농우리아이
ObjectId("5b813e3b34957165033a1498"),FC 착한가격 유기농우리아이 한끼찹쌀가루 6-8개월(실,12180,0,0,유기농우리아이
ObjectId("5b813e3b34957165033a1499"),FC 착한가격 유기농우리아이 한끼찹쌀가루 6-8개월(스,12970,0,0,유기농우리아이
ObjectId("5b813e3b34957165033a149a"),FC 착한가격 유기농우리아이 한끼찹쌀가루 4-6개월(실,6540,0,0,유기농우리아이
ObjectId("5b813e3b34957165033a149b"),FC 착한가격 유기농우리아이 한끼 쌀가루 4-6개월(스,7330,0,0,유기농우리아이
ObjectId("5b813e3b34957165033a149c"),FC 착한가격 유기농단호박 못난이 쌀과자 7개월부터,5050,0,0,맘스쌀과자
ObjectId("5b813e3b34957165033a149d"),FC 착한가격 유기농당근 못난이 쌀과자 7개월부터 유,5050,0,0,맘스쌀과자
ObjectId("5b813e3b34957165033a149e"),FC 착한가격 유기농우리아이 한끼찹쌀가루 4-6개월(스,7630,0,0,유기농우리아이
ObjectId("5b813e3b34957165033a149f"),FC 착한가격 유기농우리아이 한끼현미가루 6-8개월(실,9410,0,0,유기농우리아이
ObjectId("5b813e3b34957165033a14a0"),동원 리얼 치즈봉 880g X 10EA_1BOX,345560,0,0,동원
ObjectId("5b813e3b34957165033a14a1"),목우촌 국산 육포 100g X 15EA _1BOX,225460,0,0,목우촌
ObjectId("5b813e3b34957165033a14a2"),진주 크런치포 23gX10개입 230g X 4EA_1BOX,63240,0,0,가연식품
ObjectId("5b813e3b34957165033a14a3"),동원 쇠고기육포 50g X 30EA _1BOX,162560,0,0,동원
ObjectId("5b813e3b34957165033a14a4"),FC 착한가격 유기농시금치 못난이 쌀과자 7개월부터,9080,0,0,맘스쌀과자
ObjectId("5b813e3b34957165033a14a5"),FC 착한가격 유기농우리아이 한끼찹쌀가루 4-6개월(스,12180,0,0,유기농우리아이
ObjectId("5b813e3b34957165033a14a6"),FC 착한가격 유기농우리아이 한끼현미가루 6-8개월(스,16130,0,0,유기농우리아이
ObjectId("5b813e3b34957165033a14a7"),FC 착한가격 유기농배 못난이 쌀과자 7개월부터 유기,9080,0,0,맘스쌀과자
ObjectId("5b813e3b34957165033a14a8"),FC 착한가격 유기농우리아이 한끼 쌀가루 6-8개월(스,16010,0,0,유기농우리아이
ObjectId("5b813e3b34957165033a14a9"),FC 착한가격 유기농자색고구마 못난이 쌀과자 7개월부,9100,0,0,맘스쌀과자
ObjectId("5b813e3b34957165033a14aa"),FC 착한가격 유기농우리아이 한끼현미가루 4-6개월(스,11940,0,0,유기농우리아이
ObjectId("5b813e3b34957165033a14ab"),FC 착한가격 유기농우리아이 한끼찹쌀가루 6-8개월(스,18650,0,0,유기농우리아이
ObjectId("5b813e3b34957165033a14ac"),FC 착한가격 유기농우리아이 한끼 쌀가루 4-6개월(스,11820,0,0,유기농우리아이
ObjectId("5b813e3b34957165033a14ad"),FC 착한가격 유기농당근 못난이 쌀과자 7개월부터 유,9080,0,0,맘스쌀과자
ObjectId("5b813e3b34957165033a14ae"),FC 착한가격 유기농백미 못난이 쌀과자 6개월부터 유,8410,0,0,맘스쌀과자
ObjectId("5b813e3b34957165033a14af"),FC 착한가격 유기농단호박 못난이 쌀과자 7개월부터,9100,0,0,맘스쌀과자
ObjectId("5b813e3b34957165033a14b0"),할인 FC 착한가격 유기농우리아이 한끼 쌀가루 4-6개,11950,0,0,유기농우리아이
ObjectId("5b813e3b34957165033a14b1"),할인 FC 착한가격 유기농우리아이 한끼현미가루 6-8개,16580,0,0,유기농우리아이
ObjectId("5b813e3b34957165033a14b2"),할인 FC 착한가격 유기농우리아이 한끼현미가루 4-6개,11440,0,0,유기농우리아이
ObjectId("5b813e3b34957165033a14b3"),할인 FC 착한가격 유기농우리아이 한끼찹쌀가루 6-8개,19280,0,0,유기농우리아이
ObjectId("5b813e3b34957165033a14b4"),할인 FC 착한가격 유기농우리아이 한끼현미가루 4-6개,12090,0,0,유기농우리아이
ObjectId("5b813e3b34957165033a14b5"),할인 FC 착한가격 유기농우리아이 한끼현미가루 6-8개,14680,0,0,유기농우리아이
ObjectId("5b813e3b34957165033a14b6"),할인 FC 착한가격 유기농우리아이 한끼찹쌀가루 4-6개,12330,0,0,유기농우리아이
ObjectId("5b813e3b34957165033a14b7"),할인 FC 착한가격 유기농우리아이 한끼찹쌀가루 6-8개,18270,0,0,유기농우리아이
ObjectId("5b813e3b34957165033a14b8"),할인 FC 착한가격 유기농우리아이 한끼찹쌀가루 4-6개,11000,0,0,유기농우리아이
ObjectId("5b813e3b34957165033a14b9"),할인 FC 착한가격 유기농우리아이 한끼 쌀가루 4-6개,13770,0,0,유기농우리아이
ObjectId("5b813e3b34957165033a14ba"),할인 FC 착한가격 유기농우리아이 한끼 쌀가루 6-8개,16440,0,0,유기농우리아이
ObjectId("5b813e3b34957165033a14bb"),[내이브로]퓨어잇 과자 10+2,1500,0,0,내이브로
ObjectId("5b813e3b34957165033a14bc"),짱죽 유기농쌀 아기과자/간식,1200,0,0,짱죽
ObjectId("5b813e3b34957165033a14bd"),12+3 강희만 닥터쌀과자 ,1250,0,0,강희만쌀과자
ObjectId("5b813e3b34957165033a14be"),대표안심 아이과자고객감사 특별 이벤트 절찬 진행중내아이애 아이과자 10+2,1500,4.7,634,내아이애
ObjectId("5b813e3b34957165033a14bf"), 매일 상하치즈 모음전!,18500,0,0,매일유업
ObjectId("5b813e3b34957165033a14c0"),[슈퍼마트]일동후디스 이유식/간식 모음,1700,0,0,일동후디스
ObjectId("5b813e3b34957165033a14c1"),[쌀과자마을]아이과자10+2★20%쿠폰  ,1500,4.8,596,쌀과자마을
ObjectId("5b813e3b34957165033a14c2"),베베당쌀과자 27종 10+2,1400,0,0,베베당
ObjectId("5b813e3b34957165033a14c3"),[네슬레]거버 2+1 모음전이유식/퍼프/주스,11900,0,0,거버
ObjectId("5b813e3b34957165033a14c4"),깜짝세일[아이배냇]과자모음전,3100,0,0,아이배냇
ObjectId("5b813e3b34957165033a14c5"),[엘빈즈]★꿀딜곡물그대로아기과자 모음전,1500,0,0,엘빈즈
ObjectId("5b813e3b34957165033a14c6"),네슬레 거버 이유식 모음전 ,3880,0,0,거버
ObjectId("5b813e3b34957165033a14c7"),베베쿡 간식/반찬 모음전,3800,4.6,62,베베쿡
ObjectId("5b813e3b34957165033a14c8"),대표안심 아이과자 내아이애신제품 출시기념 특별 이벤트유기농 아이과자 10+2,1500,0,0,내아이애
ObjectId("5b813e3b34957165033a14c9"),[아넬라]생과일 프리미엄 디저트,22800,0,0,아넬라
ObjectId("5b813e3b34957165033a14ca"),[함소아]간식/건강기능식품 16종추가할인 진행중,4200,0,0,함소아
ObjectId("5b813e3b34957165033a14cb"),[베베쿡]아기과자/간식 모음,2200,0,0,베베쿡
ObjectId("5b813e3b34957165033a14cc"),[단체선물]어린이집생일답례품,1500,4.6,7,
ObjectId("5b813e3b34957165033a14cd"),[아이배냇]꼬마육포/한끼영양밥/홍삼젤리/순한라면,3500,0,0,아이배냇
ObjectId("5b813e3b34957165033a14ce"),[함소아]홍키통키/바이오락토/오비타 外모음전,1300,0,0,함소아
ObjectId("5b813e3b34957165033a14cf"),[일동후디스]아기간식 모음전,2000,0,0,일동후디스
ObjectId("5b813e3b34957165033a14d0"),멈멈♥튀기지않고 구운 과자♥,4500,0,0,멈멈
ObjectId("5b813e3b34957165033a14d1"),[슈퍼마트]베베쿡 반찬/간식 모음,1980,0,0,베베쿡
ObjectId("5b813e3b34957165033a14d2"),[내아이애]쌀과자/과일칩10+2 / 9700원 무배,1500,0,0,내아이애
ObjectId("5b813e3b34957165033a14d3"), [슈퍼마트] 야미얼스 유기농 유아용캔디 5종,10900,0,0,야미얼스
ObjectId("5b813e3b34957165033a14d4"),네슬레 거버 퍼프 5종,5900,4.8,4,거버
ObjectId("5b813e3b34957165033a14d5"),[슈퍼마트]남양 아기꼬야 이유식/간식 모음,1110,0,0,남양
ObjectId("5b813e3b34957165033a14d6"),[해피베이비]퍼프 / 요기스 9종 모음 ,6500,0,0,해피베이비
ObjectId("5b813e3b34957165033a14d7"),아기밀냠냠]아기과자 기획전!,2590,0,0,일동후디스
ObjectId("5b813e3b34957165033a14d8"),베베미 떡뻥. 스틱 과자,1000,0,0,베베미
ObjectId("5b813e3b34957165033a14d9"),[요미요미]주스/과자 골라담기,690,0,0,매일유업
ObjectId("5b813e3b34957165033a14da"),[아넬라]생과일 디저트 8팩,29800,0,0,아넬라
ObjectId("5b813e3b34957165033a14db"),삼육아기두유 빅스2/3단계 16팩/48팩/96팩+홀더,9400,0,0,삼육두유
ObjectId("5b813e3b34957165033a14dc"),[칩스조아]동결건조 과일칩,2300,0,0,칩스조아
ObjectId("5b813e3b34957165033a14dd"),[슈퍼마트]BEST 음료 균일가★베베쿡&요미요미,9900,0,0,베베쿡
ObjectId("5b813e3b34957165033a14de"),[매일] 요미요미 안심아이차 보리 / 현미 24팩,18900,0,0,매일유업
ObjectId("5b813e3b34957165033a14df"),[아넬라]100% 과일 퓨레 18팩,65900,0,0,아넬라
ObjectId("5b813e3b34957165033a14e0"),아이배냇 과자/간식/반찬모음,1120,0,0,아이배냇
ObjectId("5b813e3b34957165033a14e1"),요거트큐브 4종 10+1,4400,0,0,오가닉스토리
ObjectId("5b813e3b34957165033a14e2"),모글리 비스킷,4700,0,0,모글리
ObjectId("5b813e3b34957165033a14e3"),모글리 유기농 과자&스무디 ,2900,0,0,모글리
ObjectId("5b813e3b34957165033a14e4"),[슈퍼마트]베베쿡 처음 먹는 어린이 김자반 오리지널 25g,2050,0,0,베베쿡
ObjectId("5b813e3b34957165033a14e5"),모글리 프레첼,4000,0,0,모글리
ObjectId("5b813e3b34957165033a14e6"),유기농 야미얼스 사탕 모음,3060,0,0,야미얼스
ObjectId("5b813e3b34957165033a14e7"),[아넬라]프리미엄 과일퓨레 4팩,15400,0,0,아넬라
ObjectId("5b813e3b34957165033a14e8"),[키딜리셔스]쌀과자&과일젤리,1280,0,0,키딜리셔스
ObjectId("5b813e3b34957165033a14e9"),[키즈팜]6가지종류★10입,11500,0,0,키즈팜
ObjectId("5b813e3b34957165033a14ea"),[일동후디스] 유아식 26종 모음전간식/소스/건조과일,630,0,0,일동후디스
ObjectId("5b813e3b34957165033a14eb"),어린이 쌀눈핫도그2종/사은품,9900,0,0,짱죽
ObjectId("5b813e3b34957165033a14ec"),루솔 바다학교 김대장 4종,3500,0,0,루솔
ObjectId("5b813e3b34957165033a14ed"),루솔 유기농푸딩 4종 택1☆,1200,0,0,루솔
ObjectId("5b813e3b34957165033a14ee"),루솔 과일 에코칩 5종★,3400,0,0,루솔
ObjectId("5b813e3b34957165033a14ef"),그린원푸드 유기농 쌀가루 8종 (250g),4500,0,0,그린원푸드
ObjectId("5b813e3b34957165033a14f0"),[슈퍼잭]요미파워 유기농쌀과자 6종+상품평이벤트 ,990,0,0,슈퍼잭
ObjectId("5b813e3b34957165033a14f1"),[엘빈즈]큐브요거트딸기/블루베리/사과/망고,3500,0,0,엘빈즈
ObjectId("5b813e3b34957165033a14f2"),[팜투패밀리] 유기농 간식 김 모음전★유기농 아기과자/간식/떡뻥/김세트,2600,0,0,팜투패밀리
ObjectId("5b813e3b34957165033a14f3"),[슈퍼마트]야미얼스 드로프스 패밀리팩 369g,10900,0,0,야미얼스
ObjectId("5b813e3b34957165033a14f4"),[슈퍼마트]베베쿡 처음 먹는 어린이 김자반 해물야채 25g,2050,0,0,베베쿡
ObjectId("5b813e3b34957165033a14f5"),[일동후디스]아이간식모음♥,12400,0,0,일동후디스
ObjectId("5b813e3b34957165033a14f6"),[슈퍼마트]베베쿡 디카페 블랙 4g*12입,5500,0,0,베베쿡
ObjectId("5b813e3b34957165033a14f7"),남양 아이꼬야 요거트볼,3350,0,0,남양
ObjectId("5b813e3b34957165033a14f8"),[매일]상하 아기치즈100매,30900,0,0,매일유업
ObjectId("5b813e3b34957165033a14f9"),[일동후디스]그릭 요거볼 모음플레인/ 과일맛,2900,0,0,일동후디스
ObjectId("5b813e3b34957165033a14fa"),일동아기밀냠냠 전상품 무배!,9900,0,0,일동후디스
ObjectId("5b813e3b34957165033a14fb"),[슈퍼마트] 야미얼스 구미웜 패밀리팩 320g,11090,0,0,야미얼스
ObjectId("5b813e3b34957165033a14fc"),[천원마트][슈퍼마트]남양유업 아기꼬야과일 5종,3000,0,0,남양
ObjectId("5b813e3b34957165033a14fd"),[슈퍼마트] 야미얼스 와일드 페퍼민트 패밀리팩 368g,11490,0,0,야미얼스
ObjectId("5b813e3b34957165033a14fe"),야미얼스 막대사탕,3100,0,0,야미얼스
ObjectId("5b813e3b34957165033a14ff"),[슈퍼마트]베베쿡 처음 먹는 어린이 김 오리지널 15g*10입,3900,0,0,베베쿡
ObjectId("5b813e3b34957165033a1500"),[슈퍼마트]해피베이비 유기농 퍼프스 사과&브로콜리 60g,5900,0,0,해피베이비
ObjectId("5b813e3b34957165033a1501"),쌀과자마을떡뻥쌀과자 특가 ♡ 20%쿠폰 ,1300,0,0,쌀과자마을
ObjectId("5b813e3b34957165033a1502"),[슈퍼마트]후디스 냠냠 그릭요거볼블루베리 20g1입/10입(1BOX),2900,0,0,일동후디스
ObjectId("5b813e3b34957165033a1503"),[슈퍼마트]남양유업 아기꼬야 불가리스 딸기17g ,2990,0,0,남양
ObjectId("5b813e3b34957165033a1504"),[슈퍼마트]후디스 바로먹는 카레 160g1입/8입(1BOX),2820,0,0,일동후디스
ObjectId("5b813e3b34957165033a1505"),[슈퍼마트]남양유업 아기꼬야 불가리스 블루베리 17g ,2850,0,0,남양
ObjectId("5b813e3b34957165033a1506"),[슈퍼마트]베베쿡 처음 먹는 어린이 김 당근 15g*10입,3900,0,0,베베쿡
ObjectId("5b813e3b34957165033a1507"),[슈퍼마트]후디스 바로먹는 소고기 160g1입/8입(1BOX),2890,0,0,일동후디스
ObjectId("5b813e3b34957165033a1508"),내 아이 첫 달콤함 야미얼스,2520,0,0,야미얼스
ObjectId("5b813e3b34957165033a1509"),[슈퍼마트]베베쿡 처음 먹는 배도라지 100ml,980,0,0,베베쿡
ObjectId("5b813e3b34957165033a150a"),[일동후디스]과자/간식 모음전,1900,0,0,일동후디스
ObjectId("5b813e3b34957165033a150b"),[슈퍼마트]베베쿡 쌀쿵 자색고구마와 단호박 15g,840,0,0,베베쿡
ObjectId("5b813e3b34957165033a150c"),[슈퍼마트]일동 후디스 유기농주스 사과배 120ml×4번들1박스/6박스,3100,0,0,일동후디스
ObjectId("5b813e3b34957165033a150d"),[슈퍼마트]베베쿡 망고가 쿵 100ml,980,0,0,베베쿡
ObjectId("5b813e3b34957165033a150e"),아기과자 간식 일동후디스,2900,0,0,일동후디스
ObjectId("5b813e3b34957165033a150f"),유기농 쌀가루  찹쌀가루 ,4280,0,0,오가닉스토리
ObjectId("5b813e3b34957165033a1510"),[네이쳐그레인]쌀가루&쌀과자모음,2400,0,0,네이쳐그레인
ObjectId("5b813e3b34957165033a1511"),[슈퍼마트] 야미얼스유기농막대사탕 패밀리팩 349g,10900,0,0,야미얼스
ObjectId("5b813e3b34957165033a1512"),아기밀 아기과자 10종 모음,2000,0,0,일동후디스
ObjectId("5b813e3b34957165033a1513"),[팜투패밀리]유기농 아기과자/간식/떡뻥/김10+1,11000,0,0,팜투패밀리
ObjectId("5b813e3b34957165033a1514"),[슈퍼마트]베베쿡 과채음료 X 10입,10900,0,0,베베쿡
ObjectId("5b813e3b34957165033a1515"),그린원푸드 유기농 고운쌀가루 250g,4500,0,0,그린원푸드
ObjectId("5b813e3b34957165033a1516"),떡뻥/볼/순곡물/카레/쥬스,1850,0,0,아기밀냠냠
ObjectId("5b813e3b34957165033a1517"),남양 아이 과자/간식 모음,2300,0,0,남양
ObjectId("5b813e3b34957165033a1518"),[슈퍼마트]베베쿡 처음 먹는 요리가케 오징어와해초 4g*7입,3900,0,0,베베쿡
ObjectId("5b813e3b34957165033a1519"),또야호야 (10+2) 유기농 쌀과자 모음전,1620,0,0,또야호야
ObjectId("5b813e3b34957165033a151a"),[슈퍼마트]베베쿡 수박이 쿵 100ml,980,0,0,베베쿡
ObjectId("5b813e3b34957165033a151b"),[아이배냇]떠먹는 군고구마/단호박,2600,0,0,아이배냇
ObjectId("5b813e3b34957165033a151c"),리뉴얼라이프 영양간식 모음전,1980,0,0,리뉴얼라이프
ObjectId("5b813e3b34957165033a151d"),[슈퍼마트]베베쿡 사과가 쿵 100ml,980,0,0,베베쿡
ObjectId("5b813e3b34957165033a151e"),[아이꼬야] 동결과일/과자,3000,0,0,남양
ObjectId("5b813e3b34957165033a151f"),루솔 유기농 과일쮸 4종★,390,0,0,루솔
ObjectId("5b813e3b34957165033a1520"),[슈퍼마트]후디스 바로먹는 짜장 160g1입/8입(1BOX),2690,0,0,일동후디스
ObjectId("5b813e3b34957165033a1521"),10+2 유기농쌀과자 모음전,1000,0,0,그린원푸드
